Family,int2,Real,EIIP,PP,JustA,JustG
Varidnaviria,441.51332317311136,586.4053293679254,6.317200841532141,408.5104584125177,200.78688205367862,121.71073532946359
Varidnaviria,149.78456247083608,170.0559815926263,3.1845046527216514,134.54760322469733,55.346992868624184,60.595010890028206
Varidnaviria,813.6871190269525,1041.752044373985,13.198212576853916,741.1146650552116,357.43020531306695,258.0693172137356
Varidnaviria,307.3954226588246,372.1477817904905,5.631339844799587,275.30645006657323,126.7411391281043,108.99474166920021
Varidnaviria,130.03037848268434,155.23065070920924,2.5180838888814,116.37233788325764,52.81893243147672,47.87405034440851
Varidnaviria,87.68183945449466,108.54497714358465,1.7230214310056324,77.67407368521634,37.70287663314328,32.638210421853785
Varidnaviria,233.60370362654422,267.2579720376882,4.850616796966205,208.36618684773612,86.40430359164131,93.09470843289134
Varidnaviria,126.89460117481462,144.6998861216592,2.695610463305892,114.10133537079764,47.188193119571636,51.036848684745564
Varidnaviria,347.809572569594,432.4832904827263,6.038434514574155,313.5437956859289,148.4624640322873,117.17231349715775
Varidnaviria,310.9208603876535,377.20217852465447,5.686553749230679,278.5516521578587,128.530608586997,110.08288205988714
Varidnaviria,125.8771964642597,155.8885029997347,2.2645376578810157,113.9840747688007,53.915858341540634,42.820158444840644
Varidnaviria,382.4036569662568,444.478606266243,7.585426184804461,339.57742259257816,146.96633254275886,146.87958787045525
Varidnaviria,152.13371879356254,174.1165970826964,3.163318602142653,136.49134233483147,57.62990234896452,60.24712056797781
Varidnaviria,300.57344315564177,363.0241305735705,5.514450354408244,268.77509659055323,123.62096786450861,106.68167579974504
Varidnaviria,316.2595862394265,383.5252492762695,5.765661569326905,283.15215011337756,130.66483682205387,111.61996996316994
Varidnaviria,132.04637547177663,153.70226111122133,2.64937285727853,117.79631149614472,51.73410022101288,50.38078680202727
Varidnaviria,152.70651140540193,173.3493037263704,3.195815295408941,136.93636481672263,56.54228966458084,60.78900748930405
Varidnaviria,88.43476692673552,109.5223442519596,1.7662259375350122,78.53076193939452,38.13334924755131,33.550710152199514
Varidnaviria,245.17811498116586,286.9069007066556,4.911339048912933,219.65077511533778,95.49576476965939,94.60492960349228
Varidnaviria,129.46826962745877,145.91556784211642,2.79522891242849,116.60144033037645,46.78692199294352,52.89485643887236
Varidnaviria,454.4405209549184,578.1440217453128,7.505129180950276,411.7803573929698,198.21867067742713,146.0151630797916
Varidnaviria,131.59358912879694,152.71350313090096,2.65600273643294,117.56094332735854,51.21699523626505,50.44716085230636
Varidnaviria,228.56394677798883,264.02075075111355,4.777474861765515,203.9125051022258,86.06459117112604,91.90700427387502
Varidnaviria,282.45353164979696,323.0658783419609,5.715407711203454,249.8731265675452,106.22717177731361,110.1914650036226
Varidnaviria,340.05091726194877,423.82485100866893,6.0728708621921275,306.8848854732797,145.96077664647459,118.17889125488414
Varidnaviria,314.1511852090475,381.86113461842876,5.712420119365445,281.4627305768934,130.1948881087944,110.57816676456159
Varidnaviria,133.95488410154726,165.09026202257894,2.448661529648547,120.62122535278796,56.88525996345063,46.55212112918054
Varidnaviria,309.0631220933303,374.8003189823872,5.65600487615454,276.7306698818096,127.44006772543061,109.46980390813208
Varidnaviria,332.45366419909703,433.29285316006064,5.1161123959243735,304.7848471614465,149.05087342101115,98.72027932286174
Varidnaviria,126.89460117481462,144.6998861216592,2.695610463305892,114.10133537079764,47.188193119571636,51.036848684745564
Varidnaviria,148.840736585343,171.06022619983094,3.104144122586258,133.25739518386405,56.676858849730955,59.11580573962172
Varidnaviria,132.78557803869552,151.49445326387598,2.760820006947124,118.5515027161241,50.148347268913234,52.40475207105581
Varidnaviria,319.05587570579684,386.83538335392547,5.821948098734296,285.94415170980096,131.8334043374729,112.72043222745815
Varidnaviria,773.3399402240685,1004.9048759017115,11.952327395089872,709.2243509678229,344.3432100875374,233.03501789467035
Varidnaviria,136.31399527138504,155.454049260097,2.9268032501036307,123.343029090254,50.2836986794697,55.49286397089617
Varidnaviria,309.5793397911979,375.42278119930467,5.664838670422917,277.5639451832647,127.92028719583239,109.61765909065414
Varidnaviria,424.64326426336794,564.8161206047705,6.048370870946149,393.2417117896496,193.29609564936752,116.35446217988417
Varidnaviria,149.19960700822443,169.28000796743135,3.170965084278249,134.09921164764924,55.09909753412523,60.30245016876891
Varidnaviria,522.4601830244458,678.0283606456373,8.145046426383095,479.53679501483,231.71936530105214,157.9711124273291
Varidnaviria,126.08217899049538,145.66524192882753,2.6289013010785345,113.25242293796524,48.384213023628035,49.909695927186114
Varidnaviria,231.04114601945315,266.9453445513614,4.822639944673343,206.28944337958836,87.00160030138362,92.77136666854587
Varidnaviria,129.26655961665764,152.05803466552786,2.593286059054774,115.89469175338375,51.58526322583168,49.32545844211555
Varidnaviria,134.94732477809353,151.6462263195469,2.9635749344290154,122.73188343218482,47.81508205217027,56.03389074561375
Varidnaviria,89.03639012644537,110.25442835054727,1.7717542040164718,78.95478454441286,38.40325191674222,33.66950097804572
Varidnaviria,241.519179514236,277.61819201227047,5.012564040505458,215.32678584802585,90.0937959112792,96.36601056515448
Varidnaviria,318.22298803911576,385.7733336990652,5.803871405036399,285.29979605910387,131.48693978561474,112.3653445649567
Varidnaviria,377.39125770612327,498.07904640303946,5.569247330274854,347.9097550018632,170.96735392684764,107.41617193004373
Varidnaviria,25.700382143124955,30.322441687986082,0.5599591272675908,22.81109048925555,10.692108310757416,9.45792419171965
Varidnaviria,291.0312775226593,352.977123449692,5.3614679027960195,260.7553460872031,120.72969102641738,103.8689287425237
Varidnaviria,403.5568395447402,513.2101149272512,6.719967964222596,366.1238394440114,176.35461903910902,130.68206783836558
Varidnaviria,315.03421186956814,382.34922294311406,5.752427146167305,282.373711054043,130.2158996408622,111.355276582007
Varidnaviria,125.1225703994012,153.39190260604406,2.296979521032631,112.19760215087433,52.85980401804063,43.62888060630269
Varidnaviria,311.89159613684495,378.07832012306284,5.705305887219636,279.68571522844434,128.75751512563625,110.41015383568258
Varidnaviria,309.74927859218263,399.0918189463242,4.947167049727959,282.6845831339678,137.43309557957792,95.61099794399884
Varidnaviria,86.96575290777854,106.87190098788113,1.6591557316085748,77.2350191331552,37.118371091460595,31.25904036412965
Varidnaviria,310.8101739351605,403.77780517575854,4.84645800440304,284.8917759486079,138.99000358797215,93.46492875586549
Varidnaviria,324.48074745869883,423.69944763391084,4.977050724857749,298.61493112624385,145.80516010997533,95.9608773043455
Varidnaviria,390.9003705203848,525.3558095227829,5.388248050187777,363.6679750126942,179.52143943493337,103.25836457545725
Varidnaviria,332.93332091546176,414.846265093068,5.781887666836523,300.3785021974866,142.48993494758386,112.19156477638808
Varidnaviria,300.11430237390005,363.01245221439547,5.508466067761542,268.39670178719706,123.47168450389792,106.53502905941214
Varidnaviria,606.0155324472526,794.4056484840139,9.220788605743877,558.3429039263037,272.73354465970414,179.3766443954744
Varidnaviria,312.4783037367262,379.2597341866688,5.716031232996971,280.15736121174695,129.18614878647094,110.65570057786516
Varidnaviria,310.90251721984924,376.8928477163342,5.68606320343623,278.5357810582592,128.34731157653442,110.07217072011136
Varidnaviria,252.87956605101934,291.8374192144654,5.220739341450898,225.35611836684407,94.95106755365508,100.40900409885506
Varidnaviria,303.1648303582965,348.6776354687688,6.163015126668442,270.487001831949,114.56687767407344,118.87416724691573
Varidnaviria,126.78912344706829,157.17618709473882,2.29119600626543,113.59768127326278,54.04079012368877,43.492998544085786
Varidnaviria,126.95111845798763,156.57081255986768,2.2901852854551463,113.67592603607473,53.92214457528938,43.475857948367185
Varidnaviria,410.9316979705134,477.3953413069356,8.322973305605581,367.2447675530835,158.35570212290105,161.42799937608018
Varidnaviria,139.32071220948313,159.51777518488026,2.914698931771421,124.38950454868532,52.1798742405316,55.416110946966214
Varidnaviria,298.5847986516649,361.23333071746816,5.488552555922244,267.01947736161037,122.88109264837465,106.1639403130996
Varidnaviria,124.59850028587705,146.68178883659604,2.4856723885797005,111.36580098971737,49.75813719770588,47.22038260207522
Varidnaviria,150.80745838559585,172.9068934093875,3.1112070013413184,135.19161368558986,57.062153405932825,59.20646910324122
Varidnaviria,127.86990626064782,158.85379581125315,2.2897438590986336,116.47302211899509,55.01523969407401,43.303355690629196
Varidnaviria,308.5727786672831,373.26572054700165,5.647693940132608,275.89906424879734,127.14921360586597,109.2852828453487
Varidnaviria,135.0937092737974,154.4357996529808,2.8797405593030567,121.92245046114266,50.03075238979279,54.64511887459448
Varidnaviria,126.59209317043808,156.21469811290706,2.290682953999182,112.90014060782549,53.67684883589575,43.430084190103784
Varidnaviria,88.44586539529918,102.53061151793936,1.8142636676187618,77.38894929630875,34.30779196127797,34.175246649017474
Varidnaviria,316.299003506071,384.02564976756645,5.774757662316475,283.679003342357,130.8617630383328,111.76577153667918
Varidnaviria,316.5731075649854,384.7860221986102,5.776624658577352,283.9890971917132,131.04012303428675,111.80095871444709
Varidnaviria,428.0476335701133,512.2392587581948,8.168644642565601,379.87443164037734,172.75045978641913,158.78702462428595
Varidnaviria,231.21658633463306,266.9724099418072,4.7761224206508714,206.05303731629638,86.85174009278752,91.78913470548252
Varidnaviria,126.84555143367622,158.80253861651383,2.21620827833922,114.33638606648904,54.69643136989103,41.91885569865105
Varidnaviria,88.18241738352435,102.77561980759035,1.8125941879024179,77.1300680488292,34.20943510697403,34.1433218285482
Varidnaviria,148.69715397846014,176.77738079469398,2.9271072347430476,133.37659679234218,59.822879790208056,55.88364335171257
Varidnaviria,253.09970890571185,291.97522234408683,5.229538996118246,225.84069017204874,94.96484348749168,100.5948717544853
Varidnaviria,322.39244374829326,395.29224111732924,5.854013084809699,288.69747278089676,135.2255517030769,113.67409170271881
Varidnaviria,129.17264622205144,158.8624826190193,2.3552661384095734,116.02568845510237,54.59519955483811,44.6984029994501
Varidnaviria,393.9231190382638,523.9777585363335,5.709710824152277,364.61842255846943,179.9286557581883,110.05819858100394
Varidnaviria,119.80735697942741,142.72699452660146,2.229296932137653,105.07118779546184,48.427513509237876,42.218392984167835
Varidnaviria,298.51724222183003,364.42657815146896,5.209248812091256,266.7763631149882,123.83811281540355,100.49083129571223
Varidnaviria,315.0488633294592,382.20631965706775,5.75150498199284,282.5449649798338,130.1794368283274,111.34078960869206
Varidnaviria,457.72818402710715,554.0334560949622,8.431390319238933,410.0308758160096,188.61864827392884,164.1011722526732
Varidnaviria,138.57471629462714,158.19946071135894,2.91631048320744,123.71067577252873,51.61727735452674,55.42701707334055
Varidnaviria,138.22564284799336,158.50503945961486,2.9043325772379283,123.61457956301872,51.92181982209709,55.209836178215355
Varidnaviria,126.03574522844592,147.6736101834874,2.571924505682163,112.53961268312132,49.71538407638112,48.89170433141935
Varidnaviria,133.92043837798926,155.5290533992489,2.572972350602226,117.22446541627596,52.34664222185505,48.922459632263894
Varidnaviria,264.89539361177975,295.8010254099065,5.807959895623203,240.224830552256,90.34654778947834,110.93151045513113
Varidnaviria,444.0526095151118,562.8471526747281,7.460717895154774,402.80124130597324,193.43744088339173,145.24920372930896
Varidnaviria,309.0047166167261,374.57479756301564,5.652909677049372,276.80435965126026,127.55430753219889,109.4198427420647
Varidnaviria,397.9538718989989,501.45544395757327,6.732504023545203,360.07814997076997,172.33887374983365,130.8813583638494
Riboviria,79.47251195963727,99.41885738151419,1.549480870883627,71.18399031500931,34.76145345029998,29.22129500913851
Riboviria,35.119196943823965,38.874045894620004,0.8150146195082151,31.427648608316897,12.259063832282234,14.262727607664296
Riboviria,29.468501969849253,33.36373655928934,0.6967638446592987,24.97111024759046,10.791690357652287,12.189519005363676
Riboviria,73.80530374711375,87.35331424448229,1.5893541739199706,65.79496239139482,29.567503334470686,29.877134139014352
Riboviria,39.00322489101963,45.999931653510146,0.8549067076284222,34.57969181940943,15.822898807801968,15.39007383626012
Riboviria,70.27281044823886,76.85884617337985,1.4739457946266505,59.84016740473336,24.826729464697305,27.321995658410277
Riboviria,55.307641923932934,63.30411991119738,1.1648810586847032,48.88398639664891,21.291404881179623,21.316266417313795
Riboviria,61.59468640397418,75.27785614383382,1.1895921093195436,54.9358148165386,26.23409531588185,21.865276367242558
Riboviria,60.42756886161992,67.6777033106489,1.2141294815285208,51.565148277435206,22.551341473297047,22.23057260205985
Riboviria,25.623143561813304,28.496273922514394,0.5729274113698466,21.866517890759592,9.589783842786368,9.75555948649291
Riboviria,33.08638172220557,39.40597301959459,0.7168422783425678,28.541520362622435,13.720697997459272,12.693101460076328
Riboviria,62.31512612389132,74.26457203229572,1.2177717482584156,55.43869816673932,25.283626562113238,22.295991513303324
Riboviria,15.460053489050198,16.37900579919341,0.3771093388937357,12.485968490399657,5.345708367087614,5.907567372086578
Riboviria,98.67468036461338,120.64182580135397,1.9259309499981632,88.36204542352658,41.852536704711284,36.51576089602596
Riboviria,43.19407458578255,49.59688340312323,0.9053314249625455,37.22659601322294,16.723946679376237,16.326101514419488
Riboviria,60.821283164958245,71.8777278256361,1.2549820521644162,54.269769289910776,24.662532758022344,23.138571209568816
Riboviria,59.06690178489238,67.34210267532588,1.2472912249236952,51.41154172537161,22.51835864788077,22.990116361312587
Riboviria,74.69904690847903,89.02873825103214,1.6118086207488072,66.38117861238285,30.4716783584134,30.37074352786862
Riboviria,62.55916537663946,75.54083137642577,1.2249487020838825,55.339669027601005,26.34615714754912,22.589183263290646
Riboviria,74.82492778239474,87.64153574579896,1.5781390163034479,66.39878596195831,29.687795314131904,29.597412791869772
Riboviria,62.36608354183291,70.15300470551486,1.3438597948108448,54.95761619096463,22.81863884244865,24.700570848355675
Riboviria,42.33465945457849,45.22627842619434,0.8892885044290578,35.26196575076511,14.382074340481198,15.82144440877088
Riboviria,55.22498321653093,62.67457275767106,1.1937911111069344,48.96677307490319,20.836779825416194,21.77369163618336
Riboviria,62.47967844087726,70.0273031685645,1.351652148648558,54.4515710977247,22.454613034179452,24.895120995313995
Riboviria,30.15382040804643,34.156893522444655,0.6800651182200013,25.336449684942227,11.021840546486388,11.84953266298305
Riboviria,70.25752419368231,81.61178770183544,1.3620200258248403,60.71982516441239,27.485106024057355,25.21252965022463
Riboviria,53.73523749641442,61.758298123401865,1.1179291409661058,46.46679524907085,21.074809199698507,20.493046569583374
Riboviria,89.62371463152762,114.4193545044118,1.6857183535579374,82.07569958557228,40.5323063576763,31.875298112293553
Riboviria,60.47085988701741,76.38745677730135,1.1736351506612157,56.375523764610726,27.131846116227695,21.510091736164444
Riboviria,34.87277268826321,42.99626201400146,0.7390768063938696,30.264434240813483,15.027081432269076,13.161926743472868
Riboviria,12.553055283409092,13.951132893268989,0.2942246300763703,9.752464514600275,4.824043857894105,4.221850735972299
Riboviria,26.234581110563663,29.93586668023657,0.5616477627887777,22.51312704763262,10.506818768840366,9.494583151780313
Riboviria,33.633941772691436,40.17012834848069,0.6863995135277906,29.476048436761964,14.123110321852247,11.954871800490722
Riboviria,26.195416323699607,30.051457785670344,0.5803472334799016,22.649159851527422,10.248908924746312,9.886818575000705
Riboviria,61.373224635335404,76.0092816390035,1.2046788006726183,54.39775085243399,26.57878534164804,22.312140513758372
Riboviria,53.30035461666707,58.061173007599585,1.1805577591277012,46.61631641714362,18.136887574205783,21.451164633024145
Riboviria,61.074489419386246,74.59168235041992,1.1995238844846157,54.871066159517,26.009812060123473,22.092089037864362
Riboviria,82.38123676520334,100.95365128355567,1.528347423167076,74.66076754442437,34.961245508319486,28.401659490279517
Riboviria,127.48991306148656,142.4246266627434,2.436159621139043,107.84027961258255,46.665611637203035,46.077111350701195
Riboviria,72.65480794006011,79.40760986080132,1.5192628845935516,62.16905239259376,25.45089537141051,28.103784702636617
Riboviria,55.23783050386008,68.14256768611169,1.1531219998364968,50.907965867864064,23.94223913625539,21.183285932587502
Riboviria,71.12395846122361,85.6329398682987,1.4416758098951032,63.07413554288413,29.848821738716875,27.00761815986494
Riboviria,59.11883368718105,67.00521256949423,1.2767561276322763,52.709149416679274,22.151959279777458,23.414090967949157
Riboviria,77.30144923105642,94.57690321940653,1.490677293926448,68.46238516344545,32.79507250669459,27.91940491043994
Riboviria,61.181512725792814,75.31977790004117,1.2652673461637312,55.000546325965246,26.284975856739774,23.537817839583205
Riboviria,60.978332205898,66.23767357893146,1.2121534790611366,50.695701107089484,21.494980250236598,22.1257117152361
Riboviria,21.436459373321405,23.508178923511913,0.5096604834300107,18.297381884927084,7.630926518818813,8.503031081527572
Riboviria,55.21572649321041,65.24687648255413,1.164753442646088,49.68615580592157,22.505597772272253,21.353418900680193
Riboviria,14.597554927751451,15.43984200093061,0.3520503722893555,11.70734859967214,5.190188175084343,5.402861865439892
Riboviria,58.45965585958207,68.55760421456483,1.1652978129801843,51.31063568663528,23.263974957249857,21.35325516469581
Riboviria,64.1019728238559,77.06457107851506,1.261460762850241,57.38169311083188,26.52511430963574,23.176244585895258
Riboviria,72.71365267464452,87.46498694470532,1.4419057771285404,64.1880314895917,30.024871467573675,26.92218498671234
Riboviria,77.06580466281464,91.8966414725388,1.5328130439485153,67.80164399593137,31.610021036417372,28.70816135913071
Riboviria,43.90414671229547,46.11970823447168,0.9560232472681989,36.83630305275933,14.335348434993854,17.13779626533555
Riboviria,35.09186695352163,43.15405749229739,0.7476561908674432,30.52271583821356,15.177810935794144,13.40130452829112
Riboviria,64.69742046606244,72.64717797295046,1.2962436955338592,55.58008731363863,23.855220141110532,23.785714960518092
Riboviria,72.38195756074505,88.78785918887958,1.4416448989655413,63.6889227401818,30.783246863719647,27.048870427350288
Riboviria,35.96791074621501,45.04878075641732,0.743512621363446,31.56959977405716,15.939888397986016,13.221658225870634
Riboviria,67.63979952162246,78.183269059651,1.408434682000716,58.833365067793636,26.21876432887593,26.241952494586652
Riboviria,61.89246015298193,78.48682075089486,1.1545521152259113,55.67386528841433,27.536633370102265,21.200908330807362
Riboviria,68.18849953198372,81.67618373587148,1.3737423827031758,61.65640509154951,28.304447653465203,25.460698726635055
Riboviria,76.58628028090389,90.9187672663746,1.5464524279650667,67.60900437764671,31.21822643865172,28.940393483313365
Riboviria,66.89916322205562,81.11453497975805,1.2996659197202893,58.96774791758184,28.168475191676805,24.141503787198626
Riboviria,75.61066154816353,93.01546743717115,1.4696077652411705,67.5424290755714,32.275099506044775,27.436900000250528
Riboviria,33.38053050744054,40.405336510336205,0.6676840169413619,30.93775821934815,13.967288182566024,11.329126786546611
Riboviria,78.63712255213942,95.08958829102062,1.5443085016308051,69.34346453327986,32.708644541398044,28.980349542055407
Riboviria,25.35453645536491,31.421190060963678,0.5571980733360239,22.087958156780754,11.111923882695544,9.55835033410301
Riboviria,29.65268635450783,34.16891760092092,0.6688157020065342,25.13124812174933,11.17574630611379,11.619491614136372
Riboviria,30.493634259114298,37.407575929141586,0.6629730384101573,26.979873446121157,13.333007438820694,11.623415691909168
Riboviria,72.91632369595575,86.84927862502042,1.5199332738668556,63.860778018246954,29.70805673549222,28.592625173115803
Riboviria,49.670401590936585,55.679559055044734,1.0708936659163568,43.33746563523709,18.334090870202974,19.43142045186375
Riboviria,104.85991008952196,131.0304867560062,2.186641351755704,98.99351341212424,46.361633593412066,41.58331818910402
Riboviria,69.5698105820291,87.68701226549929,1.3166106161044302,62.36335136854141,30.70159713705691,24.508225885850166
Riboviria,70.59358008899609,85.38986513771587,1.3320915058832243,62.044957161142854,29.109663604625677,24.650556171057904
Riboviria,57.889339678526646,68.84831680705747,1.1777869725912025,51.29115133383584,23.75278398461102,21.634396724773378
Riboviria,84.31546984207722,103.25645812721635,1.7065136059436243,75.85944441667903,35.8890599559218,32.231088438745125
Riboviria,29.010961420771427,34.725283448721065,0.6194951917080597,25.33455899229417,12.196364110261921,10.707132366163144
Riboviria,80.40841227198464,96.22665199630677,1.5812410438361006,70.99280096576148,33.048663621781074,29.622535979755195
Riboviria,85.90687598833019,106.54066162559813,1.5937891228646364,76.50010841806468,36.66871531264039,29.835801432986464
Riboviria,55.15178468687031,60.51409341641375,1.1930177522269823,46.631158308626006,19.540975915113275,21.97478688522435
Riboviria,15.600063404786829,17.661026405525092,0.36519954795926407,13.086375340624937,6.037040371229189,5.646339804568981
Riboviria,87.19917299567487,99.47482751781918,1.7579415538764895,77.54736713642717,32.73288730099377,32.65157215911976
Riboviria,117.62188640284874,140.14886346170564,2.1915717167149977,100.841925952157,47.66148691000074,41.70217703502733
Riboviria,72.54124701208337,86.60364600243322,1.5353384666669305,63.75817312755244,29.614404101639195,28.90305167578452
Riboviria,69.96755515864014,84.33041358117883,1.4278401519035955,62.72292649535055,29.059009170326913,26.64075841712226
Riboviria,31.067838765452056,36.553625953062415,0.6535879229091321,26.978691984401912,12.711862984634923,11.385059033571617
Riboviria,28.66973940533887,33.558686870741944,0.6213162721948031,24.338261297023482,11.589152616361908,10.808454036686326
Riboviria,48.15889142406243,57.76929858143786,0.9811540452495525,43.58300436333232,20.088354767832428,17.673514743777822
Riboviria,44.619745903142736,54.68211590515055,0.8927728393465053,39.33402261053499,19.061096521304577,16.08978714881515
Riboviria,31.03173166437131,35.65493717182876,0.678765598155049,26.58956813646417,12.133430205024224,11.901078448636257
Riboviria,41.82969592572437,47.04029699157629,0.8851706669289438,35.45766683587955,15.758471733318492,15.897756681721818
Riboviria,63.22156722970736,74.89079801308063,1.227534089779382,54.87962526780935,25.55926838732037,22.577366508886975
Riboviria,67.48095760576648,78.63945670011559,1.3646945141672682,58.65099675511899,26.55652014054831,25.28866330498288
Riboviria,77.70912480701385,87.11836323433626,1.6915794760970342,65.96502480032063,28.350348657339104,31.855521413580526
Riboviria,66.66282096665161,78.47047070308773,1.3709553379697055,58.76817591528012,26.470726081789863,25.474617985968866
Riboviria,66.92587772764693,79.78437849320326,1.397037381233155,60.17152451591322,27.23423159498998,25.928388245388472
Riboviria,14.621879915910865,14.699227457920168,0.3482633253713757,11.755778043832187,4.79024587341666,5.2593329448792625
Riboviria,63.49277954010306,75.82774267747953,1.3012739889102443,57.90196015708125,26.435128547101538,24.001830272361484
Riboviria,74.54065076718882,84.69875291798186,1.4815148416460762,63.0388272635631,28.675324462860804,27.7185154157779
Riboviria,35.071371212679686,43.466882163536475,0.7511560417321227,30.949732029023803,15.49371203499287,13.450735367292316
Monodnaviria,42.60874253740226,56.261056066640684,0.876627503885779,40.339824176237784,20.673432166726883,15.83898622756527
Monodnaviria,39.45766568036168,44.99979283573431,0.8110830115266086,33.58796636430502,15.157789861877138,14.370168978373554
Monodnaviria,45.13671359377076,55.06234797723482,0.9246458064677637,41.758184374611304,19.626441995794323,16.59960115834856
Monodnaviria,39.92206464645742,44.83214797318265,0.8074820845538488,33.82865976981881,15.047962031810064,14.22471112890855
Monodnaviria,39.043259223217056,42.92359816261912,0.8225992025477918,33.298820430105394,14.345965071242444,14.593938830585161
Monodnaviria,40.01113392480912,47.69629823043636,0.7626591061786451,34.65674959429803,16.22928880218613,13.304068878660086
Monodnaviria,38.224977719485196,42.90385791778088,0.8019072452297663,32.6882921918088,14.434483704669919,14.212281314357964
Monodnaviria,62.91751271375956,69.48623940880054,1.3997412010890808,55.55132062343361,21.93919275121588,25.7695589930833
Monodnaviria,38.88408298258736,44.35846596840733,0.8017016755255768,33.43521451873605,14.906173203260302,14.13931978711828
Monodnaviria,39.77841799071396,45.003024530679944,0.7934753182434288,33.88201547200451,15.229469470692816,13.964412493906332
Monodnaviria,55.81283085912239,67.26813251848137,1.0668425134478121,49.30911736749144,23.094129867525112,19.369667906383004
Monodnaviria,29.24060947841124,34.028086041774166,0.6600538767519238,26.02788621312374,11.853973046699206,11.437421849099643
Monodnaviria,50.17677616566008,62.53750797212796,1.0143996841494403,45.66558715951835,22.294184705167936,18.480052111367925
Monodnaviria,32.77281638866053,36.361110696270465,0.7243124155971765,27.839532248310586,12.126228827027735,12.768418854290635
Monodnaviria,39.66702101981569,44.402795998357384,0.7989527836930121,33.12687071398817,14.73264778477507,14.096126294043353
Monodnaviria,39.91103305822267,44.85783432817389,0.8098438748302489,34.03546813413551,15.164915944066028,14.340376397020183
Monodnaviria,52.29382701407726,62.55080990876701,1.028371376398728,46.31296293739547,21.440145220565203,18.60087696179664
Monodnaviria,52.00381906589742,63.450925819945155,1.12999053105639,47.26299273706697,22.3439800386675,20.864103424631896
Monodnaviria,70.9856117548377,78.9574803902605,1.533744803280978,61.50731736359817,25.73773220049182,28.549643001197552
Monodnaviria,52.07869491077392,62.880164969984826,0.9992759399381258,44.63416739501291,21.52054587705169,18.150695095425675
Monodnaviria,31.465957265890417,36.66511535020798,0.6785179181676346,27.37214339791176,12.815447736937646,11.843774894738551
Monodnaviria,63.83274236093726,76.68745239346207,1.2761847993669084,56.681558997471896,26.32822513487254,23.601054104233402
Monodnaviria,40.10168186981175,45.26443330312636,0.8034050709695536,33.75946588187814,15.15335666832107,14.150340580281899
Monodnaviria,56.899258487610474,66.3157852465946,1.1763099486644804,49.48158623609337,22.488636549486174,21.65856380655683
Monodnaviria,58.83052950012697,62.29531124408186,1.1710796863513633,48.801480810929164,19.864174428695407,21.21814868015716
Monodnaviria,39.57818199377858,44.47566768451425,0.8062076777619746,33.512308203567926,14.651143478505132,14.196949541236366
Monodnaviria,56.62737027775036,66.70978183280049,1.0989229133826073,50.07770058613811,22.73509359369881,19.965062337285914
Monodnaviria,60.944516921588615,67.95114494655354,1.1619402899592193,51.90694149353776,22.64998997490044,21.037217938854113
Monodnaviria,39.93785836246358,44.47295248093318,0.8188254628000797,33.69711571371872,14.610650892284418,14.462596570669627
Monodnaviria,39.551450835912,44.801562033216975,0.7957191087130258,33.71545326757834,15.095814972800774,14.020500269495656
Monodnaviria,64.08284354325733,73.3795037536457,1.3616856218165774,56.101657742039905,24.647796289825706,25.268946725776598
Monodnaviria,38.21789244793596,43.7086093773112,0.7831164665222108,33.035583239504795,14.711351913446018,13.774618112916254
Monodnaviria,39.40577065305271,44.46692818650988,0.8062180668850364,34.00436718412731,14.995364787974456,14.284995090900342
Monodnaviria,61.7175699862888,73.50273597549753,1.2652440966318128,54.40854379328034,25.07201323332021,23.44013665355234
Monodnaviria,34.27465164921967,38.96230271229314,0.7423601006570095,30.21127436843229,13.106614635803766,13.006435179683749
Monodnaviria,39.83565150117843,44.93794778999927,0.8197352330073789,33.88020325941503,15.181568284758134,14.552727244410931
Monodnaviria,33.578760006771276,38.62272477491803,0.7391123471822876,30.170479757669792,13.203038436929338,12.888479065146775
Monodnaviria,73.04463723639454,84.49321392925869,1.66470252040092,67.5970712861443,27.636623489725213,30.92184325483682
Monodnaviria,30.68121938634005,35.97802527561809,0.670728395437782,27.078275477120457,12.580189179269047,11.676231400696846
Monodnaviria,38.479771820607745,42.90565572411761,0.8051863724541448,32.930990149367716,14.262915670997911,14.245783046456266
Monodnaviria,31.576062300920622,35.65541599256202,0.6607012482770718,27.218322178961923,12.060932979615222,11.337035692177595
Monodnaviria,49.26136696872834,56.85159176975413,1.0975076459909214,44.42218698712578,18.908764622857074,19.990719140433097
Monodnaviria,40.04519636285596,44.65558360931479,0.8155547383056994,33.64302705872053,14.985079974443378,14.42247034956253
Monodnaviria,50.763862938913995,60.22863310293285,1.0432736370860678,45.405532004900834,20.492423776246785,18.944104991661433
Monodnaviria,30.568528753027273,35.94752566802064,0.6463629222498743,27.004159390117895,12.470022212115564,11.152896011959527
Monodnaviria,65.252316583037,72.09880602231293,1.4078720122480097,56.67652505724082,23.482374581538178,26.07025288194891
Monodnaviria,48.60376868099968,57.0388959982381,1.0225399197909806,43.29061296246763,19.598677117733907,18.538900343697794
Monodnaviria,39.09569668923901,45.253636968740196,0.8021855707191744,33.69462849165967,15.122803112859723,14.172669062511119
Monodnaviria,92.00823640586958,109.12210153642292,1.754279390663297,80.83598683685587,37.08454598726639,32.87072723154386
Monodnaviria,87.53731581733241,100.39641361042368,1.8512162533697796,78.37104511715577,33.085174491093554,34.65847144535905
Monodnaviria,40.043334448063376,44.090555498042214,0.8539244958613678,33.80945921524392,14.456063841320944,15.241421388327785
Monodnaviria,52.12089856996686,64.24753465449365,0.9940117674973972,46.93543498606946,22.370854388772567,17.933905973920492
Monodnaviria,70.41889099084926,74.00554312442146,1.512639769537872,59.43382578548159,23.00264152968846,28.04543058703253
Monodnaviria,32.530588660672485,36.38082828154884,0.693495313515223,27.24691671014279,12.319582810007661,12.174170812256492
Monodnaviria,32.966733997965925,40.94637598670928,0.6938970093642365,29.559415557437738,14.512533811362093,12.197729990264966
Monodnaviria,64.43669891451846,77.39022741397052,1.2939367970503803,57.06310431454586,26.63651926477457,23.966234993354586
Monodnaviria,67.71346520837008,78.0890536876254,1.3496995989982357,59.090986139439735,26.533792609965502,24.943462603255487
Monodnaviria,52.055576136859266,61.191649549142795,1.0448508305793673,45.855561780455794,20.77122337378399,18.907232767091575
Monodnaviria,39.94613813560038,44.769317580318095,0.8033177952637505,34.08707220751343,15.086187229091855,14.1795030524782
Monodnaviria,39.428206509769105,44.64720815570006,0.8168313079230726,33.74240390839671,15.016341356726974,14.491609410559327
Monodnaviria,59.76619293062237,68.11955997184188,1.154546790875701,51.374616922369796,22.480710768645615,20.954049840853774
Monodnaviria,33.33766218816497,39.256119889059,0.734678893635465,29.386105001305733,13.473435442789558,12.992275244641212
Monodnaviria,50.11984261855935,56.54939712475929,1.0131966367765217,43.46038319258306,18.865268333513892,18.226649912896722
Monodnaviria,91.67358659802983,102.51552944549361,2.0044048239831067,81.89114522848743,32.647552280506,37.51504677599873
Monodnaviria,61.46787412480647,73.75127643225883,1.1638425071650957,53.453883930482824,25.41185390973901,21.33874151440991
Monodnaviria,51.56988159212626,61.517329357386004,1.021920781615881,45.4154113403349,21.01307221534648,18.51914721443895
Monodnaviria,58.23078886219985,64.42107067220721,1.1668745171358292,49.54136901926402,21.234278260635246,21.224214241738714
Monodnaviria,43.739273224985475,50.29729457463253,0.9161932364942564,37.891691544257185,16.966981060496924,16.493763110899962
Monodnaviria,62.987254277357735,74.4844906227429,1.2762843159123627,56.080407440610955,25.572527978959748,23.57711193057803
Monodnaviria,59.8612583548093,68.05267492693697,1.1623183993254749,51.21835375963826,22.46373719478523,21.07606218593502
Monodnaviria,34.34780499506404,38.234858201252266,0.7545886155210545,29.52666923880951,12.94629901699602,13.29328386288075
Monodnaviria,39.68134068093195,44.96732044327703,0.8025435137491116,33.99731387993442,15.128834916493334,14.130090481696215
Monodnaviria,38.02736523336023,43.6876964574319,0.7694513385195947,32.66398385402596,14.843023810667328,13.477896387636891
Monodnaviria,55.27627227061062,62.647142372750295,1.0752089650210719,46.38978008931949,21.203801354016004,19.56525128650386
Monodnaviria,40.20285732190259,45.30344481312607,0.8237687518718377,34.04682039878362,15.033578252986796,14.60695664249811
Monodnaviria,34.23378789726968,36.61513578179683,0.7205925639459732,29.056435873921313,11.503168680000615,12.413431510656446
Monodnaviria,62.51601755996215,70.8293708233042,1.2117702179924978,53.06912631010521,23.473915247831002,22.12074545353784
Monodnaviria,37.49494883946986,41.513706462839124,0.7807480852377323,31.085724038662505,13.595151175614777,13.792451199681494
Monodnaviria,33.420087390750965,38.04251576498215,0.7447555169568674,29.199508283491035,12.895281322448177,13.124479026561838
Monodnaviria,66.12066947433469,77.00575125216261,1.3578801502046325,57.850920871673125,26.205903944139045,25.219706285482637
Monodnaviria,30.591444340422967,36.687602289620905,0.6541371435839465,27.555988200785464,13.054325110523365,11.294706347499343
Monodnaviria,48.18776914527258,61.589516250914905,0.9181565927692918,44.97588544046977,22.36616913156462,16.493465715341483
Monodnaviria,66.97337324202161,72.39835038559245,1.4300696577813878,57.20931564834897,23.075013538019082,26.476636000609865
Monodnaviria,33.795243008892626,38.16447707806188,0.7439665151398712,29.236416207187645,12.752381572765094,13.104573063292836
Monodnaviria,45.15808206435838,57.49691371382281,0.9449072215508849,44.40165024833298,21.42964859874779,16.9818327379518
Monodnaviria,53.86461096911668,63.01852193133812,1.0988925538980518,47.348404397957324,21.560964745762668,20.03829842801652
Monodnaviria,37.73781257215515,44.43190270687176,0.7959042915629702,32.81903713261767,15.528733217818761,14.156081786662137
Monodnaviria,54.90580538275035,60.7347993622514,1.100527088146353,46.85269464724779,20.082428190608418,19.963087288532325
Monodnaviria,51.7398998365038,60.958491245913784,1.0521753486724728,45.63635353244995,20.713621512482568,19.083915495541994
Monodnaviria,30.43677886562959,35.4111367333721,0.6435706766582668,26.91360033554905,12.203907536061932,11.017274537730628
Monodnaviria,61.36461477667817,69.5319125724712,1.2046322658214887,52.505854098263335,22.811518173002376,21.991586772705684
Monodnaviria,62.12994119405363,60.25429435598129,1.3559497031349317,50.77195730010316,17.074285436770264,24.801901075989424
Monodnaviria,39.54395459676966,44.557934863412676,0.8146906711682637,33.682507858038704,15.091081770721678,14.45883419312178
Monodnaviria,65.86677871027653,74.37376910523312,1.4257170454676495,57.941852945049405,24.53540739807279,26.40390356462145
Monodnaviria,52.423433308468304,61.787074821728716,1.0619017299798788,46.3940830588253,21.150026882246202,19.311711625498912
Monodnaviria,39.52274046655806,45.321002457871174,0.8060220683590387,33.87615720518377,15.340448464710272,14.296404733461387
Monodnaviria,44.57386525068431,52.65041274372652,0.9328008388119985,39.36527462085185,18.260591568651694,16.813112773630685
Monodnaviria,50.30672557152428,58.63192868436973,1.0060134464797843,43.35128306082838,19.79200168513003,18.226368874338316
Monodnaviria,39.81079913116429,44.20940390836889,0.8132772730019804,33.646783709183914,14.842131542976734,14.38240610965747
Monodnaviria,39.658079776662426,44.77569657859303,0.8096843329327874,33.79960031055809,15.055224902600761,14.323397001679703
Duplodnaviria,293.0179947109836,362.73384061001804,5.097023065005295,265.4215442294014,124.39077580587589,98.31381041784167
Duplodnaviria,271.67854416656024,314.78549397749066,5.450724489022784,242.4455344128358,105.15826593102457,105.19187378580234
Duplodnaviria,269.5681951766912,326.8724861363795,4.6837477886976675,240.1938167500854,109.78744822931876,89.80289662969462
Duplodnaviria,205.11007364711975,236.38548748477268,4.398292129232504,185.22655925639293,77.16679478798046,84.45187925115933
Duplodnaviria,151.37948403206772,193.22756883959357,2.7407069185093405,137.89340985141132,68.00687534154002,52.82945341567595
Duplodnaviria,371.74672432851474,440.99468863990796,7.298717416769655,331.8461019020052,148.25228920486722,141.81641039795434
Duplodnaviria,144.24967653879813,165.0641725699134,3.0680040267408053,128.7773016410003,54.06808738381798,58.52187612635231
Duplodnaviria,98.20713251914242,123.3940695898288,1.7915678505426211,87.99292176494673,42.820006090257934,33.85539918151523
Duplodnaviria,235.0469027355999,298.3246983493089,3.907350192190043,212.85166984372634,102.02636458397232,75.08242647491141
Duplodnaviria,193.72380230325942,232.75904311849774,3.7598833114588164,174.08002242401497,79.34095418601248,72.35945282470948
Duplodnaviria,218.50159347151902,249.06196320508994,4.775716813885576,199.0025025692328,79.89744382087851,91.47952713415006
Duplodnaviria,287.9536963719054,314.60001283893064,6.4649205101877,260.3036696000068,94.9036368050718,123.64750149609718
Duplodnaviria,298.5220033909853,369.1269583511377,5.347025903589087,267.47403165978795,126.32079057637108,103.81278696164733
Duplodnaviria,268.1241937288092,307.66600564740764,5.498687282545703,239.21632555881158,101.08875077974497,105.94636686883756
Duplodnaviria,153.6843781989249,186.08246417116592,3.0540162735887506,135.9243807122894,63.82476180439239,58.993862269096404
Duplodnaviria,282.00310347483764,352.05485638990496,5.2769139795539735,253.44232659373284,121.40140259715318,103.03269148196799
Duplodnaviria,149.384768503049,181.51433580877645,2.845432192804102,131.90762362576703,61.83002768386369,54.643276063360254
Duplodnaviria,234.19203140056246,283.0402424645296,4.256179419904639,208.92730556920122,96.09512697293222,81.87980271891485
Duplodnaviria,146.87780964346638,169.51101589734245,3.174501978541541,133.72845933082687,55.13115712908396,60.39127481573763
Duplodnaviria,155.51090857977562,191.42890258424097,2.9862293947321015,137.47951336180245,65.92091520744306,57.729936512098675
Duplodnaviria,142.56227333829963,165.08241808645676,2.985439338244261,127.25473087783456,54.623908860652456,57.004623396902296
Duplodnaviria,303.99632786468504,363.8529422133536,5.712857712645255,272.55290525852877,123.3406575869477,110.46843949760252
Duplodnaviria,347.1207142843432,394.11706690314645,7.291945771864419,311.2098262404002,127.45291729780088,140.67620669364547
Duplodnaviria,166.74967617101427,185.89233727493547,3.6571394794052403,150.40632884607672,57.70683773532375,69.4317216749775
Duplodnaviria,203.59488766780714,249.19019881956675,3.719970431017052,183.16185384990166,85.5099796941669,71.5824133492142
Duplodnaviria,156.23922488626414,184.51599583789334,3.0894744604295266,138.37188618565128,62.2998878652299,59.19968135485246
Duplodnaviria,154.98418693345423,192.05541184103916,2.9908664523794495,137.8254199537036,66.2884884897067,57.8167685220113
Duplodnaviria,134.68702907365127,158.59499091418078,3.00764296560348,123.4163129364835,52.07838709511325,57.4414458997676
Duplodnaviria,253.83877635461232,310.99987582982715,4.560839250960461,229.15500574462934,107.09301472623049,88.0452832867583
Duplodnaviria,138.40357730888255,163.50236819592214,2.7087724579807264,121.89324270208775,55.3352859621657,51.73752958989261
Duplodnaviria,336.33789578502586,392.7171990919096,6.702624539040908,301.67976683934603,131.51743075766657,129.74140532900174
Duplodnaviria,173.29872881881832,206.796231952395,3.1180738278457616,154.55103083868656,69.27164282256516,59.15633385696565
Duplodnaviria,291.3384056912861,345.8552469565941,5.688515355436247,261.57391162979815,116.94769147263837,110.13385114616142
Duplodnaviria,239.53077761256668,287.9435900807175,4.43099207075646,213.69169236279836,97.71047771450881,85.34090559657831
Duplodnaviria,298.85667368081045,363.3895509805475,5.428546124346448,269.0469949167089,123.89847522097698,104.89224387858965
Duplodnaviria,152.24056730184304,191.0149159186828,3.1365165578483993,139.31450217734508,66.89507340878286,60.81015406884504
Duplodnaviria,170.06406748607105,193.4162813055973,3.374955409717601,149.06464095174803,63.698103602957886,64.41859565432142
Duplodnaviria,287.58832573942675,358.6407718899315,5.3734402046598655,258.33468922265985,123.62366460889498,104.88426966740363
Duplodnaviria,150.34414908466843,179.02930808400197,3.006650060925551,134.83778344344108,60.55579539597619,57.56535960784486
Duplodnaviria,184.16194210807302,209.4308116111113,3.848506393897766,164.00461592906592,68.0923448911878,73.61998027873358
Duplodnaviria,178.81159372533776,198.3697948876326,4.1255572957803865,163.750259739515,59.13137207526866,78.3707983866787
Duplodnaviria,115.84329632244345,138.8512122823198,2.3544299689941193,102.7223577802992,47.547176923835,45.05537114192047
Duplodnaviria,18.576086768561172,19.218266295201563,0.44961697710636384,15.405960820981335,5.9686291562476,7.323298690154087
Duplodnaviria,383.0544967026436,440.731279755575,7.714725685127501,341.6446143836195,145.616235701681,149.18680728350358
Duplodnaviria,137.91184788264943,167.09112510827865,2.6928413451335884,122.88741327367427,57.36484120731567,51.68210481513087
Duplodnaviria,279.2088456178259,312.2112018185538,5.9899466183341445,249.66972942175275,99.27217878871693,115.13330740159655
Duplodnaviria,191.27481635898215,228.58503916842258,3.6801360085385797,170.7406119419268,77.6115383586196,70.7239453601629
Duplodnaviria,248.48818786476338,299.68141041364686,4.567223986168384,221.78463182924614,101.70073201732615,88.01000442777577
Duplodnaviria,130.84163300374348,155.64567756894468,2.4036562986970536,117.98534270448678,52.91240777462322,45.292349530876635
Duplodnaviria,42.00037333845689,45.15290523251181,1.0067704591636375,37.32707596911624,13.119528698944208,17.997076326324663
Duplodnaviria,158.1759352406655,192.51242505043152,3.2239521539794764,141.3154575514645,66.08939579291926,62.3373397722865
Duplodnaviria,156.5436717757795,176.34777623911128,3.0411663084137817,136.8070686578916,57.143896363130516,57.5323078178124
Duplodnaviria,288.41167418072,315.89436032716566,6.464954804067612,260.5291997777402,95.44582284687824,123.697941288208
Duplodnaviria,146.02944431712194,183.19301213885942,2.727920830396254,129.2024272968816,63.11947104288118,52.69806761034393
Duplodnaviria,39.18628275128721,46.436011082861555,0.8251014948295224,35.480512844069914,16.03447087129803,14.588804219302288
Duplodnaviria,326.39330642455803,411.9127719680718,5.935004298258055,291.48694857415916,141.58273218348373,116.28897410552285
Duplodnaviria,149.63429553336556,172.18573252702774,3.220683758736933,133.20672323232813,56.185225436602344,61.58589885261985
Duplodnaviria,264.5090041099623,329.94662290110176,4.531052382244973,240.21213237949326,113.59701146751881,87.32808849550436
Duplodnaviria,138.6430765496968,134.89764124835693,2.794026220295757,111.81221206005094,41.49740302637563,52.8143460074694
Duplodnaviria,140.62799558097976,164.39555369276135,2.8981146610677317,124.86456594847421,55.09606951746604,55.463866672339975
Duplodnaviria,286.0219032980054,333.4897749422435,5.613345687655412,253.83882358300247,111.89667586311728,108.48509450635324
Duplodnaviria,140.96158035112342,156.89775820712848,3.111346135688288,125.87916768469994,49.53709759903376,59.11212752801722
Duplodnaviria,327.9617762180161,385.53760294181706,6.41556559714388,291.0242922722497,128.7380531953305,124.21675239391641
Duplodnaviria,145.15608788336834,166.71557783423566,3.2414778142213594,132.15536463786003,53.37859675825715,61.792620231872384
Duplodnaviria,164.9135173845697,204.8156147145711,3.1939527917672876,148.20965002148336,70.8406290533876,61.71116712069524
Duplodnaviria,334.5116645304446,380.18684759823765,6.959792768412187,299.9402465199169,122.92838931835111,134.09445659889042
Duplodnaviria,143.1441817546385,158.51694470835136,3.183674630673265,127.90763160434294,49.28394692047703,60.43363801327988
Duplodnaviria,273.61791659573845,321.3810170531991,5.412197656242214,245.09310375198228,107.9660681537908,104.48097502752054
Duplodnaviria,152.72338079280073,170.18599594871927,3.2876675202701517,137.20481953767978,53.91307838755343,62.418627570377765
Duplodnaviria,136.891920810828,168.50538469086254,2.3857133843963454,123.58427689417464,57.438733905885286,44.97810629059626
Duplodnaviria,261.7879573231076,328.15108748178244,4.475089859986773,236.8912381696077,112.97122771744692,86.35139938146615
Duplodnaviria,176.1908502144996,194.75316883602684,3.8289202248759606,156.99586614039634,62.1880277885753,73.09460387747558
Duplodnaviria,161.1877305073063,185.99414629173077,3.5058981584820903,146.79696567153997,60.60535151708557,66.92748221969457
Duplodnaviria,375.6496817451483,450.23797720218204,7.171715838632215,334.73674115818267,152.45062221715153,139.50443912223645
Duplodnaviria,302.13013221144297,370.34072592945466,5.701995893564436,270.1114518146879,126.4958486306574,111.03338672698344
Duplodnaviria,297.58187797128716,332.453412182296,6.287218397534497,264.7717569347086,105.75915434341604,120.84973479802447
Duplodnaviria,139.955062313901,134.625481742168,2.817482537556201,112.3919797583883,41.23177535063851,53.219753118075204
Duplodnaviria,339.26475802832084,389.55360844159463,6.910322724625124,303.1191124013011,128.0319533889627,133.44923527365944
Duplodnaviria,171.96393484444096,213.13606447498205,3.296755648198201,154.2557988172714,73.4021088847225,63.66751212301229
Duplodnaviria,146.073360572087,167.69907126593813,2.938058232028166,127.15834419033052,55.7898525018856,56.13275984988197
Duplodnaviria,258.84654775462525,284.10996840549177,5.7399676683412375,232.81286224115976,86.83911596390519,109.77890570476366
Duplodnaviria,149.22989234739867,179.60936631806453,2.81413929607985,132.88700502040405,61.07811952052023,53.70317491834082
Duplodnaviria,150.34414908466843,179.02930808400197,3.006650060925551,134.83778344344108,60.55579539597619,57.56535960784486
Duplodnaviria,303.31136979078263,380.38474259980285,5.196489217971207,277.00535788163813,130.41503016345567,100.23909890888055
Duplodnaviria,149.61730217249547,174.25279545699124,2.9485649076990708,131.89851735705645,58.16573518837336,56.2244548409109
Duplodnaviria,253.23777201792134,305.242457356695,4.685517313234049,227.32664809635952,104.03169461989293,90.2710705702545
Duplodnaviria,150.19484374489852,172.6861634306568,3.0517906876591243,132.68269253831622,57.11367015605708,58.245115859631525
Duplodnaviria,174.18135440563424,192.3817748401242,3.7869911397803544,155.3512004840409,61.39032316371652,72.26711972418668
Duplodnaviria,283.05793509918664,303.5398720833687,6.560701266150259,259.1139079284589,84.87570287904119,124.66043149907539
Duplodnaviria,149.71857268172707,192.3754201630808,2.768133432524029,135.75614846600607,67.21676684311036,53.488599009915355
Duplodnaviria,196.67525148912267,226.9048540826686,3.9419470465693167,173.51749753718684,75.44764662754217,75.6849634241416
Duplodnaviria,141.58133654049402,152.41979674564058,3.120067772157284,124.89405679603055,45.91140273248624,59.00898612530123
Duplodnaviria,237.25425619316667,286.05810048837856,4.376603687619654,211.9716943049383,97.11202744495307,84.25013543991594
Duplodnaviria,271.01990497337357,323.2677176927006,5.199331180595507,243.12984011665182,109.38769940122273,100.36820956596266
Duplodnaviria,156.48398242718633,182.66389947628772,3.38394160586625,141.89408846687866,60.11333725391548,64.7312774264119
Duplodnaviria,197.28488607523101,220.53436305921596,4.1223368379152445,174.3386430286432,70.06925134150124,78.71955439292242
Duplodnaviria,176.49241857618222,204.5162128633313,3.593427236343928,155.35700266864774,68.27696166458878,69.13210781035198
Duplodnaviria,174.36900895709778,196.93216876986162,3.680371312414199,154.71069639765463,63.41139632219647,70.30799702896194
Duplodnaviria,192.39996410111348,224.97588618266442,3.8683095899462625,171.89417685576547,75.32964135438546,74.32904033486783
Duplodnaviria,260.5112741659924,309.87373768996025,5.072847248709744,235.57856359927231,104.93328474171709,97.83920776208858
