Sublevel Name,pp_magtropy,pp_avg_magnitude,entropy
Orthocoronavirinae,111.04147390948481,151.7878563459997,1.366947420652298
Orthocoronavirinae,107.80077211051987,145.5553217867805,1.3502252250805196
Orthocoronavirinae,111.1868891784902,152.05644877646048,1.3675753490356375
Orthocoronavirinae,110.56243335971428,151.3271674666824,1.368703300644083
Orthocoronavirinae,106.37360310680351,145.14618762230174,1.3644944176288636
Orthocoronavirinae,101.40647793401394,139.5109737217388,1.3757599767198283
Orthocoronavirinae,110.90167175520439,151.6010061710769,1.3669857610957301
Orthocoronavirinae,108.5351302234201,150.7431970345712,1.3888885259939856
Orthocoronavirinae,110.45673925304118,150.99096699968328,1.3669692589221176
Orthocoronavirinae,106.34237444998179,145.09781379654578,1.3644402294665015
Orthocoronavirinae,110.33682469241268,151.03156878230234,1.3688228676449128
Orthocoronavirinae,107.96529868962715,146.04722168541943,1.3527237312172697
Orthocoronavirinae,107.9724503718656,146.00318510879532,1.3522262818519806
Orthocoronavirinae,101.51213542685299,139.69783058270872,1.3761687703178243
Orthocoronavirinae,50.003474606430046,68.83195010073482,1.3765433430876737
Orthocoronavirinae,110.90012735171321,151.76887576799874,1.3685184985105807
Orthocoronavirinae,106.29488038828649,145.05580082910976,1.3646546315234827
Orthocoronavirinae,110.98235277621806,151.7779915914301,1.3675867180205785
Orthocoronavirinae,103.38872622352983,142.8048257751338,1.3812417561503278
Orthocoronavirinae,107.84932516585215,145.88280361331408,1.352653838018676
Orthocoronavirinae,108.0299538179381,146.17680967202838,1.3531136921374496
Orthocoronavirinae,35.9557318920732,48.353312757716225,1.3448012378904235
Orthocoronavirinae,111.13532298277855,151.9286950810344,1.367060363918474
Orthocoronavirinae,106.52772313770832,145.41385634898663,1.3650329892154949
Orthocoronavirinae,109.63966114020872,149.88518997409454,1.367070897660102
Orthocoronavirinae,108.02984049128548,146.52751670783263,1.3563615019838215
Orthocoronavirinae,110.58625621015942,151.3974213366862,1.369043735859624
Orthocoronavirinae,114.38255103987153,153.2169426890899,1.3395132500208136
Orthocoronavirinae,111.3252137869778,151.82912431420772,1.3638341140286032
Orthocoronavirinae,106.41188811235452,145.2166804037329,1.3646659502029184
Orthocoronavirinae,106.63567234456708,145.473794564113,1.364213225889832
Orthocoronavirinae,111.148743589478,151.92777983818166,1.3668870644127016
Orthocoronavirinae,101.33801743802466,139.42194054648567,1.3758108168215548
Orthocoronavirinae,110.5266827209051,151.29768373179888,1.3688792607107019
Orthocoronavirinae,106.55965337249717,143.79633225021774,1.349444444489262
Orthocoronavirinae,101.51639702587893,139.73443332098853,1.3764715594207595
Orthocoronavirinae,108.07866799312926,146.12200815682593,1.351996752644242
Orthocoronavirinae,110.91438627017595,151.61087824682554,1.3669180648713788
Orthocoronavirinae,111.12069323223892,151.92097775723937,1.3671708962409825
Orthocoronavirinae,37.47928512077586,51.29578799095143,1.3686437141384182
Orthocoronavirinae,114.11852401216102,155.1458374044326,1.3595149319307662
Orthocoronavirinae,101.46712772627774,139.58460641788437,1.375663326101376
Orthocoronavirinae,103.73147005845028,141.54754136121764,1.364557364138953
Orthocoronavirinae,114.83348783368923,154.07551660143122,1.3417298342847108
Orthocoronavirinae,110.2774573988102,150.98946670874506,1.3691779831548248
Orthocoronavirinae,105.9393130752614,144.55327658705906,1.3644913525573414
Orthocoronavirinae,110.77018434026078,151.41320540998797,1.3669130038177157
Orthocoronavirinae,106.97974576121399,145.6688518555238,1.3616488880116289
Orthocoronavirinae,114.88081756533853,154.1090410359651,1.3414688744560466
Orthocoronavirinae,114.75423422364909,154.33409048331313,1.3449097676215178
Orthocoronavirinae,110.73957646030074,151.58597840236754,1.3688509857784215
Orthocoronavirinae,114.46967548375515,155.39440896351664,1.357515938669445
Orthocoronavirinae,110.63636274222796,151.25268028485408,1.3671154450120366
Orthocoronavirinae,106.37785849622414,145.23087838616095,1.365235965821928
Orthocoronavirinae,110.83692694288808,151.5260002212718,1.3671075552225471
Orthocoronavirinae,106.66576519696281,143.9450997431668,1.349496715064727
Orthocoronavirinae,108.13528812558681,146.28228141918586,1.3527709959887995
Orthocoronavirinae,108.99169302708337,143.91543508822446,1.320425723201335
Orthocoronavirinae,109.31487647000527,148.11379341068792,1.3549280591405015
Orthocoronavirinae,106.32707108688334,145.0847966141712,1.3645141837455268
Orthocoronavirinae,106.4025194914856,145.33127976789294,1.3658631436779318
Orthocoronavirinae,106.49492330099649,145.321201291644,1.3645833696777188
Orthocoronavirinae,106.47544153368129,145.3162000593604,1.364786076171308
Orthocoronavirinae,106.37032210077578,145.15009205974096,1.3645732117105467
Orthocoronavirinae,106.5907107859942,145.59077647458014,1.365886158380984
Orthocoronavirinae,108.15659189018825,146.31163021065342,1.3527758933011138
Orthocoronavirinae,108.17129134212078,146.25737361342993,1.352090483517033
Orthocoronavirinae,22.368463264346502,30.65813823231791,1.370596534505098
Orthocoronavirinae,106.56635260622883,145.4239307834061,1.3646327121728479
Orthocoronavirinae,108.06429346446818,146.1408528672902,1.3523509772017497
Orthocoronavirinae,109.46118204018333,149.9358793028252,1.3697630201707813
Orthocoronavirinae,105.8755862650652,144.43657739784996,1.3642104142521134
Orthocoronavirinae,115.02388931913968,154.20099693493626,1.3405997471281612
Orthocoronavirinae,115.3791564605919,156.22232428116396,1.3539908686585187
Orthocoronavirinae,110.92861242421402,151.68112144396335,1.3673759919028219
Orthocoronavirinae,111.01008922250766,151.78137420237985,1.367275490592126
Orthocoronavirinae,110.47529157950656,151.22416553037237,1.3688505671111062
Orthocoronavirinae,111.02506126841917,152.37889806890794,1.3724729923860153
Orthocoronavirinae,105.81725218654364,143.0447688558107,1.351809519714604
Orthocoronavirinae,111.0741532095549,151.83161501583396,1.3669392079846439
Orthocoronavirinae,40.958397349261375,55.727874220788685,1.3605970405918155
Orthocoronavirinae,108.94540996583122,143.8146369014478,1.3200614596480265
Orthocoronavirinae,107.97493737136598,146.06901123358313,1.352804778494082
Orthocoronavirinae,111.01377812995236,151.77643959362362,1.3671856066006025
Orthocoronavirinae,111.14043883860992,151.93819530418918,1.3670829168204275
Orthocoronavirinae,110.50134210931107,151.24402223978282,1.368707559136865
Orthocoronavirinae,114.1110313609019,155.1414802451162,1.3595660156154952
Orthocoronavirinae,115.66887291857827,150.66738559092886,1.3025750298179768
Orthocoronavirinae,114.23243784962452,153.07260406924726,1.3400099564604575
Orthocoronavirinae,104.61640494146731,142.0001826236654,1.357341448533949
Orthocoronavirinae,113.93575157879823,154.64545943212582,1.3573040708400703
Orthocoronavirinae,109.86714805514055,150.2042073328301,1.3671439551470383
Orthocoronavirinae,106.36322853990187,145.1451651899251,1.3646178964516322
Orthocoronavirinae,111.14210774176766,151.91967490908365,1.3668957517168951
Orthocoronavirinae,107.77812849104593,145.78197708585586,1.3526118807858798
Orthocoronavirinae,110.46499016949701,151.20001082754695,1.3687595553627108
Orthocoronavirinae,108.9823620686241,143.85977555568007,1.3200280561463178
Orthocoronavirinae,114.31922279707527,153.14092328185473,1.3395903115409622
Orthocoronavirinae,109.60371499126636,149.8732817152847,1.3674106003361945
Orthocoronavirinae,111.08124281665627,151.83603211214526,1.366891729531297
Orthocoronavirinae,40.94695419817377,55.72150278871965,1.360821674770741
Orthocoronavirinae,105.90715958436662,143.1559069056875,1.3517113240266647
Orthocoronavirinae,110.94741059904565,151.6572263778443,1.3669289401076732
Orthocoronavirinae,113.91864034353529,152.64697518459974,1.339964861977588
Orthocoronavirinae,110.91811897605693,151.6317243523952,1.3670600056346682
Orthocoronavirinae,109.32688935304479,150.831292382851,1.3796358176420602
Orthocoronavirinae,110.57578243822165,151.35776348044934,1.3688147634407422
Orthocoronavirinae,110.9622507297157,151.67375366319237,1.36689507166399
Orthocoronavirinae,114.27855606869194,153.1418185259392,1.3400748468845445
Orthocoronavirinae,40.96714029004641,55.730278843064646,1.3603653671819793
Orthocoronavirinae,106.88273058826998,144.87900525784738,1.3554949846476636
Orthocoronavirinae,110.62764014867639,151.29731987616753,1.3676267492720058
Orthocoronavirinae,110.57803326513486,151.34352565089088,1.3686581428701294
Orthocoronavirinae,113.78896218731374,155.45017089566656,1.3661269767077426
Orthocoronavirinae,107.85793187579428,145.8944953466075,1.352654300052915
Orthocoronavirinae,110.45535222758646,149.5206527276715,1.3536750344120345
Orthocoronavirinae,105.79773144629085,144.31277751847986,1.3640441580899256
Orthocoronavirinae,114.31458615101721,153.12420453935277,1.3394983938188383
Orthocoronavirinae,111.12756204898456,151.90772142164408,1.3669671017769993
Orthocoronavirinae,114.05976316374597,154.8052183019092,1.3572290000257885
Orthocoronavirinae,110.33958792737687,151.17057040516517,1.370048350231853
Orthocoronavirinae,40.90162469756773,55.66921545166003,1.361051446324832
Orthocoronavirinae,110.2774573988102,150.98946670874506,1.3691779831548248
Orthocoronavirinae,107.82811230209366,146.54050704113052,1.3590194979077381
Orthocoronavirinae,110.95092209755352,151.67712954512942,1.3670650651444556
Orthocoronavirinae,113.7919590636485,152.36509324184684,1.3389794366456316
Orthocoronavirinae,110.2774573988102,150.98946670874506,1.3691779831548248
Orthocoronavirinae,111.01112357771488,151.77460243054352,1.3672017500506748
Orthocoronavirinae,113.93967467041772,152.6765673070927,1.3399772094200326
Orthocoronavirinae,106.38089363946123,145.59904300104552,1.3686578296145897
Orthocoronavirinae,101.3466665521635,139.4401176890534,1.3758727586494723
Orthocoronavirinae,114.65649017962103,154.21208004143293,1.3449921570060626
Orthocoronavirinae,109.33371329934597,149.50576118604852,1.367425990341287
Orthocoronavirinae,108.08397784767214,146.20397102076313,1.3526886586910716
Orthocoronavirinae,107.99495600248456,146.14770694410893,1.3532827120254267
Orthocoronavirinae,108.06777043010099,146.2304163437227,1.3531362381377674
Orthocoronavirinae,105.90715958436662,143.1559069056875,1.3517113240266647
Orthocoronavirinae,110.01687848069933,150.61333018404537,1.3690020319061136
Orthocoronavirinae,110.04189465062608,150.4412398124891,1.3671269500595897
Orthocoronavirinae,101.39628516896362,139.49415117912898,1.3757323648167215
Orthocoronavirinae,115.53496860875649,150.51591993621258,1.302773712138308
Orthocoronavirinae,114.03358910884242,152.7191458875104,1.3392470330977964
Orthocoronavirinae,25.760166455012765,35.35315021460198,1.3723960315373849
Orthocoronavirinae,111.1476164563549,151.92894252617108,1.3669113865867746
Orthocoronavirinae,106.5361038241243,145.36953026277718,1.3645095422558464
Orthocoronavirinae,110.38633215507842,151.12144247548636,1.3690231347045794
Orthocoronavirinae,108.88956765489594,147.10109510490898,1.3509200033846855
Orthocoronavirinae,114.29394313948538,153.11735525131743,1.3396803981506842
Orthocoronavirinae,113.93973881539557,152.65924624015457,1.3398244355070192
Orthocoronavirinae,111.05623627246739,151.81577712210304,1.367017127697678
Orthocoronavirinae,106.3192051649971,145.07312575354425,1.364505364091133
Orthocoronavirinae,108.08974613005338,146.15044829277363,1.352121302208682
Orthocoronavirinae,106.68048711136129,145.53898207425323,1.364251195463032
Orthocoronavirinae,115.90202980225408,151.0870178624795,1.3035752533433298
Orthocoronavirinae,113.64686039056745,154.73639183975064,1.3615544794459942
Orthocoronavirinae,110.51259506960342,151.2609034137748,1.3687209436943104
Orthocoronavirinae,105.90925266706257,143.1559069056875,1.3516846101795645
Orthocoronavirinae,114.8706064573048,153.99676904761975,1.3406107427913458
Orthocoronavirinae,106.87780869909449,144.4496070659728,1.3515397520233463
Orthocoronavirinae,106.3784799434935,145.15486979535646,1.3645134793471418
Orthocoronavirinae,110.5452476288929,151.30428761770273,1.3687091110930467
Orthocoronavirinae,107.96110148421859,146.04311056907517,1.352738241471381
Orthocoronavirinae,107.5147910869291,145.19429736399258,1.3504588149792192
Orthocoronavirinae,109.66132638916886,148.5872685874409,1.3549650864164333
Orthocoronavirinae,107.1175981621309,145.60338482587505,1.3592853772308533
Orthocoronavirinae,106.3203130884273,145.0776803922783,1.3645339839397974
Orthocoronavirinae,107.07310682936595,150.70739060190436,1.4075186110184974
Orthocoronavirinae,114.12676056451008,152.85587574626086,1.3393517435366018
Orthocoronavirinae,40.96706462506634,55.76056300355141,1.3611071116243323
Orthocoronavirinae,108.15719124506157,146.30479959818356,1.3527052423790065
Orthocoronavirinae,107.110827216359,144.76634782843018,1.3515566221518274
Orthocoronavirinae,115.39457761532941,150.4522260338915,1.3038067224911347
Orthocoronavirinae,101.43362409134937,139.5293046552331,1.375572507688135
Orthocoronavirinae,110.02784073424915,149.7872297348042,1.3613575321957478
Orthocoronavirinae,110.60837253110299,151.3835232527943,1.368644342092868
Orthocoronavirinae,108.11746152496951,146.2251102589973,1.3524652558109393
Orthocoronavirinae,113.9638485481405,152.69692150355596,1.3398715772489367
Orthocoronavirinae,106.370477990569,145.14965482503496,1.3645671013897689
Orthocoronavirinae,106.66133148219292,143.95663975699566,1.3496610041946568
Orthocoronavirinae,106.36297566604347,145.1451651899251,1.3646211407778703
Orthocoronavirinae,110.83369150190941,151.52346121140673,1.3671245553415166
Orthocoronavirinae,106.966527738162,144.57179094009842,1.351561034999551
Orthocoronavirinae,106.41481221192363,142.13269155559644,1.3356476283822325
Orthocoronavirinae,110.68192509629425,151.5249380213906,1.369012491331015
Orthocoronavirinae,111.13350574540854,151.92461037184162,1.367045962896913
Orthocoronavirinae,107.8922423757526,145.97640728710837,1.3529833477621251
Orthocoronavirinae,108.05647473168891,146.13252519709053,1.3523717626356668
Orthocoronavirinae,107.83794755617394,145.92243238704256,1.3531640363521384
Orthocoronavirinae,111.15416585988616,151.94281383681547,1.3669556391466684
Orthocoronavirinae,114.98731952579406,153.81569348903156,1.3376752682240538
Orthocoronavirinae,110.05280344163543,149.4304274957165,1.3578066421085246
Orthocoronavirinae,111.1232108573128,151.91868409691116,1.3671192807052848
Orthocoronavirinae,109.73022603598322,149.6391267299233,1.363700159342176
Orthocoronavirinae,108.88675324602733,143.78615953231264,1.320511037806691
Orthocoronavirinae,109.93751339287117,150.29226146450006,1.367069863836357
Orthocoronavirinae,111.0520516358256,152.81856900652218,1.3760985659919371
Orthocoronavirinae,114.0145659263007,152.75250924348467,1.3397631083577888
Orthocoronavirinae,110.6042101553488,151.37877477937366,1.368652916256579
Orthocoronavirinae,106.3233001574787,145.08692565957307,1.3645826027284742
Orthocoronavirinae,110.83268574705139,151.53199555545535,1.3672139634086846
Orthocoronavirinae,108.62918055445806,147.65453128101825,1.3592529238218451
Orthocoronavirinae,110.54644984905681,151.30301296629875,1.3686826955808358
Orthocoronavirinae,105.797178215701,144.31172811973983,1.3640413719306836
Orthocoronavirinae,111.12478428449799,151.90825023052003,1.367006030280424
Orthocoronavirinae,107.80932377727487,145.7777156018073,1.3521809663046582
Orthocoronavirinae,105.79051349229881,144.32674441908853,1.3642692492422301
Orthocoronavirinae,111.13812484783517,151.9202696235995,1.366950088744085
Orthocoronavirinae,110.75168077035993,151.4492044022747,1.367466419911945
Orthocoronavirinae,106.5926684259441,145.49198382400877,1.3649342489731384
Orthocoronavirinae,102.51790788875078,145.57897271680625,1.4200345648370427
Orthocoronavirinae,107.82343221733167,146.7342116466306,1.360874984491955
Orthocoronavirinae,109.89787582831173,151.0451665564894,1.3744138857830168
Orthocoronavirinae,23.78304563161198,32.697114808521505,1.374807722904131
Orthocoronavirinae,111.14592135803078,151.94225938181643,1.3670520476623673
Orthocoronavirinae,114.87789315255478,153.99549070411823,1.3405145801169622
Orthocoronavirinae,105.79613871737772,144.31277751847986,1.3640646933627223
Orthocoronavirinae,114.29340967130602,153.11758503206087,1.3396886615983237
Orthocoronavirinae,112.98006837047673,152.56543824965482,1.350374809027132
Orthocoronavirinae,115.37230390217181,150.31922271918546,1.3029056162963197
Orthocoronavirinae,37.50219516827966,51.307727319282385,1.3681259747344017
Orthocoronavirinae,109.98227812809482,149.11767584568662,1.3558336705120015
Orthocoronavirinae,110.89610721233286,151.58892180788087,1.3669453835528549
Orthocoronavirinae,111.06224193886648,151.81581197800236,1.3669435203871396
Orthocoronavirinae,106.37545668602561,145.1518478283874,1.3645238511813202
Orthocoronavirinae,110.5266827209051,151.29768373179888,1.3688792607107019
Orthocoronavirinae,107.42654620788247,146.5725171113347,1.3643975561468797
Orthocoronavirinae,109.0811722874969,143.99027001853543,1.3200286263795487
Orthocoronavirinae,109.25521391176416,144.20095443966926,1.319854213604192
Orthocoronavirinae,110.96066228907716,151.70504066929,1.3671966040907786
Orthocoronavirinae,111.0375188962155,150.12947211579603,1.352060759355754
Orthocoronavirinae,106.32453359735278,145.08179393340467,1.3645185078622046
Orthocoronavirinae,111.5137869812493,151.73513091713215,1.360684943312399
Orthocoronavirinae,110.54644984905681,151.30301296629875,1.3686826955808358
Orthocoronavirinae,29.56691005380873,40.04357812708637,1.3543376042410649
Orthocoronavirinae,108.12018456608915,146.22998740875192,1.3524763021410486
Orthocoronavirinae,107.86725546043911,145.86311185124313,1.3522464368692426
Orthocoronavirinae,106.55172595862709,145.3994973803715,1.3645907287961587
Orthocoronavirinae,101.68455510060467,139.8398525756448,1.3752319852045383
Orthocoronavirinae,108.02443569702558,146.12044096259268,1.3526609976692159
Orthocoronavirinae,110.34885693024549,151.03635679412974,1.3687170034720335
Orthocoronavirinae,106.47670358245053,145.29156904308545,1.3645385718630791
Orthocoronavirinae,107.02412044235034,144.65171780529062,1.3515805335042093
Orthocoronavirinae,111.14043883860992,151.93819530418918,1.3670829168204275
Orthocoronavirinae,110.79440799036487,151.47489961942415,1.3671709824253677
Orthocoronavirinae,105.9362637972148,144.5484549390296,1.3644851135747715
Orthocoronavirinae,111.12069323223892,151.92097775723937,1.3671708962409825
Orthocoronavirinae,111.06924323133813,151.8180728546225,1.3668777101362937
Orthocoronavirinae,111.13459128006443,151.91871720117018,1.3669795826065336
Orthocoronavirinae,16.74757837101204,22.970587415331195,1.3715766486628542
Orthocoronavirinae,106.58776244996521,143.86170690654072,1.3497019132386119
Orthocoronavirinae,108.10810188980159,146.25006061650393,1.352813138515574
Orthocoronavirinae,114.30783581753161,153.12825291507474,1.3396129129722283
Orthocoronavirinae,106.50754608852338,145.28879438735848,1.364117376872078
Orthocoronavirinae,110.23282344350024,149.15670690781803,1.3531061098536428
Orthocoronavirinae,107.53105561944484,145.21565724164702,1.3504531914535365
Orthocoronavirinae,111.04283611522098,151.78436145572323,1.3668991784236109
Orthocoronavirinae,108.11301110313788,146.26542422382747,1.3528938166775586
Orthocoronavirinae,108.07902627200639,146.1927418525287,1.3526467335540215
Orthocoronavirinae,111.14043765186952,151.93200110687138,1.3670271983521896
Orthocoronavirinae,113.57396580205177,155.0356654996981,1.3650634140037865
Orthocoronavirinae,110.30406963692855,151.02446784643732,1.3691649668370536
Orthocoronavirinae,111.06987004645836,151.83343823627578,1.3670083360389889
Orthocoronavirinae,106.31620432846937,145.07706328648183,1.364580914102791
Orthocoronavirinae,101.57913449621405,139.7107204195043,1.375387978174902
Orthocoronavirinae,110.60328419510245,151.50686642590057,1.3698224924193467
Orthocoronavirinae,101.30811558172492,139.34857579656068,1.3754927233262833
Orthocoronavirinae,111.07027573021328,151.83161501583396,1.3669869280295015
Orthocoronavirinae,40.98512733855614,55.790339615229286,1.3612337752271753
Orthocoronavirinae,114.29852674819819,153.1195670355251,1.339646025122007
Orthocoronavirinae,110.15684271825862,150.98355609897513,1.3706234889568911
Orthocoronavirinae,111.12056793161389,151.92077381517083,1.3671706025536723
Orthocoronavirinae,101.44377449875782,139.56146111159694,1.3757518566435625
Orthocoronavirinae,108.98275531531189,143.86057061435665,1.3200305883085384
Orthocoronavirinae,111.07394946127907,151.8350565924262,1.3669726999790952
Orthocoronavirinae,106.58271120392467,145.43918376823942,1.3645663740901717
Orthocoronavirinae,114.43018740333109,153.36677700290602,1.3402650164535297
Orthocoronavirinae,110.23998483443565,149.36258418009078,1.354885746804225
Orthocoronavirinae,35.92292725443378,48.310015212035935,1.3448240136408505
Orthocoronavirinae,110.62024862584708,151.26793072177702,1.367452456497484
Orthocoronavirinae,104.41189556067705,142.03698318574322,1.3603525002876808
Orthocoronavirinae,111.25503355251057,151.34852740276017,1.3603746506563779
Orthocoronavirinae,106.26771831693094,145.07855779645837,1.3652175853044919
Orthocoronavirinae,113.66416748412506,155.15522439072103,1.365031986992654
Orthocoronavirinae,106.37262989427916,145.13978664857504,1.3644467265012203
Orthocoronavirinae,107.73879831999804,145.8109972523951,1.3533750099877462
Orthocoronavirinae,109.04380660834505,143.8789907241499,1.3194604553830656
Orthocoronavirinae,108.0580796173172,146.17860600159315,1.3527781219070159
Orthocoronavirinae,111.04233340924633,151.78384826752014,1.3669007450349682
Orthocoronavirinae,108.15341957335743,146.28602464931635,1.3525788202202396
Orthocoronavirinae,110.90218061612883,151.60071457029514,1.3669768594996174
Orthocoronavirinae,106.31764270407143,145.07561031760724,1.3645487863328216
Orthocoronavirinae,110.58955160437971,151.36573859724953,1.3687164510689178
Orthocoronavirinae,16.423114072041482,22.72272735330744,1.383582142438525
Orthocoronavirinae,109.8896400018386,149.42455648901773,1.3597692784007451
Orthocoronavirinae,114.80288257010727,154.4917556605387,1.3457132103472613
Orthocoronavirinae,111.1427025525973,151.928139374715,1.366964594934304
Orthocoronavirinae,106.47325698037652,145.2746535815263,1.3644238722621311
Orthocoronavirinae,114.3080658997999,153.12338992987142,1.3395676737641264
Orthocoronavirinae,108.4456686691072,146.76623836210524,1.3533619199667895
Orthocoronavirinae,110.46918737055414,151.20197407831208,1.3687253222124758
Orthocoronavirinae,110.84478194266524,152.92160925453177,1.3796013359801718
Orthocoronavirinae,111.06996423699229,151.8294493486554,1.366971263488424
Orthocoronavirinae,101.3931240514092,139.4985992331835,1.375819125194858
Orthocoronavirinae,110.5471820968012,151.29628585303254,1.3686127767648495
Orthocoronavirinae,106.7115339101644,144.22311704194135,1.3515232305006153
Orthocoronavirinae,106.62772175627622,143.960927339903,1.3501266365698124
Orthocoronavirinae,108.45964270482163,147.27285534774924,1.357858570017234
Orthocoronavirinae,106.51207675504584,143.73478679662736,1.34946938577853
Orthocoronavirinae,101.58711413329091,139.75197979757675,1.3756860896177274
Orthocoronavirinae,107.83369164896716,145.85161636119454,1.3525607269014566
Orthocoronavirinae,106.66396429956356,145.58660930858892,1.3649090418176462
Orthocoronavirinae,106.44310609208114,145.2373242204787,1.3644596588043731
Orthocoronavirinae,109.9615267457461,149.30734713907495,1.3578144243513877
Orthocoronavirinae,110.24887339667082,150.0639211877574,1.3611379106599457
Orthocoronavirinae,106.56883723569466,145.4652293136677,1.3649884251992654
Orthocoronavirinae,110.45484011306462,150.99096699968328,1.3669927623373024
Orthocoronavirinae,106.53305754928294,145.4189082408129,1.3650120590366148
Orthocoronavirinae,105.33950527800282,142.80550417651125,1.3556690227434753
Orthocoronavirinae,110.43436469455523,151.16546514333413,1.3688263210589835
Orthocoronavirinae,107.96131046171121,145.73233822145724,1.3498570700764292
Orthocoronavirinae,110.5266827209051,151.29768373179888,1.3688792607107019
Orthocoronavirinae,108.98658541866278,143.86057061435665,1.3199841986215861
Orthocoronavirinae,101.5493403354222,139.68696619676885,1.375557593337153
Orthocoronavirinae,108.05528415490433,146.11241510967403,1.3522005541183189
Orthocoronavirinae,111.13551625539827,151.91493716042544,1.366934192408058
Orthocoronavirinae,108.88019700669471,147.08404123726345,1.350879639097454
Orthocoronavirinae,114.91560155645928,154.39451926504054,1.3435470656191522
Orthocoronavirinae,108.19421266687742,146.30923505116513,1.3522833749124943
Orthocoronavirinae,110.9622507297157,151.67375366319237,1.36689507166399
Orthocoronavirinae,111.08328151357571,151.8448321759677,1.36694586356283
Orthocoronavirinae,110.50893033524325,151.30613042611512,1.3691755948329989
Orthocoronavirinae,108.20209063231489,146.32667364998682,1.3523460849497293
Orthocoronavirinae,40.97693500915398,55.73961415923481,1.3602680177710447
Orthocoronavirinae,108.82140830747207,147.02169494051319,1.3510365030850107
Orthocoronavirinae,108.08689734967886,146.20417897638686,1.3526540455999243
Orthocoronavirinae,106.37093095674416,145.15240649684054,1.3645871592105074
Orthocoronavirinae,110.54884105227052,151.3058569540957,1.368678816655836
Orthocoronavirinae,110.2774573988102,150.98946670874506,1.3691779831548248
Orthocoronavirinae,106.48568457860885,145.35077667777796,1.364979501732728
Orthocoronavirinae,111.06472476531282,151.81849054424373,1.3669370798428244
Orthocoronavirinae,107.90658099460204,146.00162651236116,1.3530372769355448
Orthocoronavirinae,114.8706064573048,153.99676904761975,1.3406107427913458
Orthocoronavirinae,107.69142147388148,145.68376117594977,1.3527889146795469
Orthocoronavirinae,111.09538825912873,151.86224961275684,1.3669536782079548
Orthocoronavirinae,106.38743280500113,145.15371971478044,1.3643878406280798
Orthocoronavirinae,111.03154990493569,151.80269888180797,1.3672032770125266
Orthocoronavirinae,109.50583787073741,149.92439318638452,1.3690995484949202
Orthocoronavirinae,106.47164586903492,145.29588909123154,1.364643966056017
Orthocoronavirinae,106.69118294599886,145.6203194237983,1.3648767911543656
Orthocoronavirinae,107.967824214884,146.09472728379365,1.3531320867689915
Orthocoronavirinae,106.75157209653221,145.75098557443522,1.3653287039429922
Orthocoronavirinae,111.1427033521328,151.9405810118819,1.3670765280064263
Orthocoronavirinae,115.46743777210628,150.52690019840958,1.3036307300374919
Orthocoronavirinae,106.32286276115856,145.08277491946464,1.3645491773991782
Orthocoronavirinae,106.46799373911252,145.26437439751965,1.3643947753300694
Orthocoronavirinae,107.53573940185224,145.17528235795527,1.3500189161804816
Orthocoronavirinae,110.26830775245838,150.9326294813263,1.368776147541462
Orthocoronavirinae,101.36875354768834,139.4522793611287,1.3756929475859065
Orthocoronavirinae,111.07260780527974,151.8210999037202,1.366863558023921
Orthocoronavirinae,106.4053119145051,145.23003962291133,1.3648758413452258
Orthocoronavirinae,113.80654835894727,152.40633518649483,1.3391701741608344
Orthocoronavirinae,114.67242189398868,153.8360301166346,1.3415259534576807
Orthocoronavirinae,107.77688094080138,146.5070441280632,1.35935501982596
Orthocoronavirinae,111.05521071301702,151.79947116633903,1.3668829241935452
Orthocoronavirinae,111.14612783090391,151.94081371543584,1.367036501231931
Orthocoronavirinae,106.32435721332645,145.10358988811032,1.364725766429777
Orthocoronavirinae,110.50893033524325,151.30613042611512,1.3691755948329989
Orthocoronavirinae,111.06799000007615,151.823129205148,1.3669386580692053
Orthocoronavirinae,110.28251293330293,151.05923589719202,1.3697478582896474
Orthocoronavirinae,110.00928871533382,150.65638624584759,1.369487867844455
Orthocoronavirinae,111.10655983646953,151.86978089616343,1.3668840176465784
Orthocoronavirinae,110.55123324687328,151.14831093500658,1.3672241050217457
Orthocoronavirinae,111.14622632821225,151.92777983818166,1.3669180219357373
Orthocoronavirinae,106.38268836000333,145.1523261424461,1.3644355898512806
Orthocoronavirinae,110.22403218985795,149.63905215572794,1.357590075256716
Orthocoronavirinae,107.84313302863805,145.86066749896455,1.352526242539994
Orthocoronavirinae,105.80163242319082,144.34379254244345,1.3642870080216694
Orthocoronavirinae,106.39643019361772,145.22564507724806,1.3649484744269131
Orthocoronavirinae,106.3408898345917,145.0979155428482,1.3644602350849353
Orthocoronavirinae,110.57061861955889,151.35365202092748,1.368841505189467
Orthocoronavirinae,108.16078681558562,146.31407862325,1.352746063808835
Orthocoronavirinae,113.96263119899386,152.68034782898292,1.339740458978898
Orthocoronavirinae,108.086680317797,146.20659742072166,1.3526791366969944
Orthocoronavirinae,114.37899527867155,153.30195346746632,1.340298129861723
Orthocoronavirinae,106.77184287079227,145.01898497003714,1.358213748783271
Orthocoronavirinae,108.9182070170486,147.29530489522116,1.3523478666166946
Orthocoronavirinae,106.37376807103242,145.14599284138325,1.3644904704744518
Orthocoronavirinae,105.9832720854091,144.62945953151552,1.3646442187118217
Orthocoronavirinae,110.50893033524325,151.30613042611512,1.3691755948329989
Orthocoronavirinae,111.01365610847294,151.77857556454248,1.3672063499668687
Orthocoronavirinae,114.11687165495333,152.8764402377828,1.3396480119085623
Orthocoronavirinae,16.75255166436946,22.966679799466053,1.3709362167384478
Orthocoronavirinae,110.61767544167233,151.3960268582538,1.3686422739744113
Orthocoronavirinae,107.97310861247678,146.08396220065472,1.3529661605368846
Orthocoronavirinae,107.95531795054085,146.14174752104446,1.3537243953836395
Orthocoronavirinae,101.81852804475524,140.02498480582983,1.3752407100629132
Orthocoronavirinae,10.423592684386406,14.025686240712302,1.345571211902927
Orthocoronavirinae,101.5896165970594,139.75721188240254,1.3757037044123261
Orthocoronavirinae,106.53222120255727,145.40115907911672,1.3648561668742003
Orthocoronavirinae,110.80201778548415,151.4889907903753,1.3672042605186332
Orthocoronavirinae,110.54884105227052,151.3058569540957,1.368678816655836
Orthocoronavirinae,106.35321409085583,145.09516081845254,1.3642762191888258
Orthocoronavirinae,107.68704421227213,145.69971751714596,1.3529920760936056
Orthocoronavirinae,114.34459652937514,153.1748493076136,1.3395897485043202
Orthocoronavirinae,106.60540585271428,145.48580175190347,1.364713173672508
Orthocoronavirinae,110.486548033415,151.25307507244878,1.3689727642382723
Orthocoronavirinae,114.34585302966428,153.1750452648482,1.3395767420188873
Orthocoronavirinae,107.7197190727697,147.4832221219292,1.36913856990564
Orthocoronavirinae,114.98229895893766,154.15881386243402,1.3407177909835237
Orthocoronavirinae,110.8927601437193,151.6133565498614,1.3672069876641846
Orthocoronavirinae,111.08815344502955,151.84231341265496,1.366863240622611
Orthocoronavirinae,108.00908160068123,146.0990471746752,1.3526552120387045
Orthocoronavirinae,106.53859381146343,145.41796219971624,1.364932246590901
Orthocoronavirinae,110.45119623320342,151.2219998040619,1.3691295790475297
Orthocoronavirinae,111.133451038332,151.94038176225,1.367188549825947
Orthocoronavirinae,111.0590069637036,151.8103054569031,1.3669337553731045
Orthocoronavirinae,111.14772084743939,151.90328288801194,1.3666792420918228
Orthocoronavirinae,37.472860700121664,51.30916409193826,1.3692353114575977
Orthocoronavirinae,104.61640494146731,142.0001826236654,1.357341448533949
Orthocoronavirinae,40.89923162415504,55.68303274546743,1.3614689209119784
Orthocoronavirinae,108.03419564064626,146.1596480732463,1.3529017104863408
Orthocoronavirinae,107.65359840431921,145.74581147995247,1.3538405927925299
Orthocoronavirinae,115.3490170516387,150.33373568578645,1.3032944669002773
Orthocoronavirinae,108.06044028258803,146.13565028916793,1.3523510537899874
Orthocoronavirinae,113.59053819981527,155.01583389974616,1.364689668316038
Orthocoronavirinae,16.74757837101204,22.970587415331195,1.3715766486628542
Orthocoronavirinae,110.5266827209051,151.29768373179888,1.3688792607107019
Orthocoronavirinae,114.31329539448447,153.1231631203833,1.339504408406473
Orthocoronavirinae,106.48460456058669,145.319531360929,1.3646999203368066
Orthocoronavirinae,106.58127937196144,144.05427155280938,1.3515907521626733
Orthocoronavirinae,111.0427541839106,151.8233223451356,1.3672510508311388
Orthocoronavirinae,108.05168558977022,146.19708291636377,1.3530291741252112
Orthocoronavirinae,107.22819541067977,145.13678467284527,1.3535319149686058
Orthocoronavirinae,101.53847839895836,139.69670981610884,1.3758007015549478
Orthocoronavirinae,115.01322955875649,154.30054227085606,1.3415895098574635
Orthocoronavirinae,114.44625213135878,155.33377315958978,1.3572639581180976
Orthocoronavirinae,106.56626541528894,145.41086029410923,1.3645111774110017
Orthocoronavirinae,107.7528113327593,145.65777329909065,1.3517770116389287
Orthocoronavirinae,106.48908646763834,145.34554155125335,1.364886735087387
Orthocoronavirinae,110.58515505038346,151.19589637017143,1.3672350172252812
Orthocoronavirinae,110.56126113217069,151.3271674666824,1.3687178123427701
Orthocoronavirinae,111.13891376361777,151.9307916205405,1.3670350597782817
Orthocoronavirinae,105.90925266706257,143.1559069056875,1.3516846101795645
Orthocoronavirinae,111.15279540832626,151.93225064961368,1.366877459909863
Orthocoronavirinae,110.41616023647738,151.12853487152626,1.3687175368882192
Orthocoronavirinae,113.7962036397992,155.33229708257542,1.365004210283245
Orthocoronavirinae,106.60338673814123,145.50738353349402,1.3649414712397077
Orthocoronavirinae,108.15762944712701,146.4686446824126,1.3542146349834152
Orthocoronavirinae,40.98097263273315,55.749601356579895,1.3603777015299643
Orthocoronavirinae,106.37030142750605,145.14903987249818,1.3645635851790905
Orthocoronavirinae,111.06861087499026,151.81801079105765,1.3668849335113373
Orthocoronavirinae,107.57894106022758,146.4120033069144,1.3609727132835998
Orthocoronavirinae,114.9076950502186,154.47952389910589,1.3443792761798332
Orthocoronavirinae,37.48263575383944,51.31321037027378,1.3689861808882435
Orthocoronavirinae,106.37208369172795,145.1508053583694,1.3645573191837088
Orthocoronavirinae,109.07515066060071,147.50728437928436,1.3523454561916621
Orthocoronavirinae,110.08061267463812,149.46186161842152,1.3577491802319575
Orthocoronavirinae,40.95878321807525,55.73096340988331,1.3606596444322363
Orthocoronavirinae,106.32011950560766,145.0896713836764,1.364649250380347
Orthocoronavirinae,107.03858827348468,144.67643796230539,1.351628793838869
Orthocoronavirinae,109.0636519686959,143.99986772959303,1.3203286808232384
Orthocoronavirinae,106.33350411718075,145.08275935138033,1.3644124733395173
Orthocoronavirinae,110.43436469455523,151.16546514333413,1.3688263210589835
Orthocoronavirinae,105.90715958436662,143.1559069056875,1.3517113240266647
Orthocoronavirinae,41.005419585207,55.78860796420391,1.3605179151570017
Orthocoronavirinae,111.12063411113111,151.92077381517083,1.3671697883152443
Orthocoronavirinae,110.54919631947845,151.1156729444673,1.366954061861788
Orthocoronavirinae,106.37991652506288,145.21039800606036,1.3650170328141693
Orthocoronavirinae,111.01908760028606,151.79700563441835,1.3673054689563782
Orthocoronavirinae,107.93518813744912,145.9141401709985,1.3518681227959266
Orthocoronavirinae,107.96400941677068,146.12773753457228,1.3534856506715969
Orthocoronavirinae,110.6764815760705,151.55743821369452,1.3693734753351876
Orthocoronavirinae,110.93419575180708,151.64640365500864,1.3669942133468649
Orthocoronavirinae,107.9816056742571,146.11506144617073,1.35314770079405
Orthocoronavirinae,110.50893033524325,151.30613042611512,1.3691755948329989
Orthocoronavirinae,106.5415111806479,145.50495913645628,1.365711425753511
Orthocoronavirinae,106.52268238722303,145.47783532949762,1.3656981975037752
Orthocoronavirinae,110.70040742360764,151.51260762639203,1.3686725383639455
Orthocoronavirinae,110.47367429921533,151.29466581462341,1.3695087700699209
Orthocoronavirinae,109.79508864539498,150.28055891935068,1.3687366235908016
Orthocoronavirinae,111.06282070517771,151.81576337059823,1.366935959366649
Orthocoronavirinae,113.05928619060629,152.71498690707375,1.3507513805598599
Orthocoronavirinae,106.48660223502718,145.287747382457,1.3643758400872967
Orthocoronavirinae,111.02725766620944,151.76599833478858,1.3669255777806872
Orthocoronavirinae,114.32077086645492,155.19877976487612,1.357572894134639
Orthocoronavirinae,113.93337320802527,152.66883494817674,1.3399834539211466
Orthocoronavirinae,106.63984460821857,145.61002347709766,1.3654373185937267
Orthocoronavirinae,101.31327259373194,139.35163635353146,1.3754529173323031
Orthocoronavirinae,106.66741977018877,145.61420021562665,1.365123488777992
Orthocoronavirinae,109.79508864539498,150.28055891935068,1.3687366235908016
Orthocoronavirinae,114.90908614596974,154.156548369453,1.341552296165918
Orthocoronavirinae,114.83348783368923,154.07551660143122,1.3417298342847108
Orthocoronavirinae,114.31729581121033,153.10390427291318,1.3392890654600256
Orthocoronavirinae,108.15029689985546,146.1949122162976,1.3517754126155617
Orthocoronavirinae,106.36610108805678,145.1451651899251,1.3645810432570475
Orthocoronavirinae,29.56691005380873,40.04357812708637,1.3543376042410649
Orthocoronavirinae,105.90925266706257,143.1559069056875,1.3516846101795645
Orthocoronavirinae,111.02444431699517,151.7990603117132,1.3672580056181052
Orthocoronavirinae,111.06590295792596,151.80658705388277,1.3668154042865002
Orthocoronavirinae,108.01737509624976,146.18044960060934,1.3533049610801415
Orthocoronavirinae,107.69066334332814,146.55336942314395,1.3608734951879513
Orthocoronavirinae,110.0369117876155,149.70221186246718,1.360472676218054
Orthocoronavirinae,108.14674092164165,146.300620076493,1.3527973088203922
Orthocoronavirinae,107.91411724070649,145.93461190314835,1.3523217873119948
Orthocoronavirinae,110.8821749419902,151.59618006396073,1.3671825984949404
Orthocoronavirinae,113.06476891719973,152.71700912182115,1.3507037654997534
Orthocoronavirinae,110.8575921236703,151.5332264426808,1.3669178947494518
Orthocoronavirinae,111.08432085528459,151.83791544463065,1.366870808369418
Orthocoronavirinae,111.13686598680593,151.9304074574462,1.3670567917173697
Orthocoronavirinae,35.92292725443378,48.310015212035935,1.3448240136408505
Orthocoronavirinae,101.56810126235186,139.7400796212691,1.3758264443707426
Orthocoronavirinae,110.84003750489934,151.51145170014456,1.3669379324546644
Orthocoronavirinae,111.0935934109876,151.84754210938857,1.3668433745556587
Orthocoronavirinae,114.4992488792957,149.09951573372356,1.3021877190731899
Orthocoronavirinae,111.12817670498204,151.90772142164408,1.3669595410075133
Orthocoronavirinae,110.83801156072275,151.6136927027915,1.3678853542020621
Orthocoronavirinae,111.01517467166487,151.78379372468567,1.3672346521418972
Orthocoronavirinae,110.22756722386065,151.01529859209484,1.3700320382232385
Orthocoronavirinae,21.74359046011993,29.64868250193017,1.3635596456026444
Orthocoronavirinae,106.33326847267448,145.1016878200009,1.3645935077909237
Orthocoronavirinae,110.83366801764964,151.53247178410373,1.367206143172786
Orthocoronavirinae,106.56635260622883,145.4239307834061,1.3646327121728479
Orthocoronavirinae,110.18954725747511,150.952867547114,1.3699381774787496
Orthocoronavirinae,110.83995323008331,151.5460124510497,1.3672507794772173
Orthocoronavirinae,105.25908400287528,143.6634842201015,1.3648559227076036
Orthocoronavirinae,106.41022980367688,145.20055898569234,1.364535714785902
Orthocoronavirinae,114.29296905097358,153.11812972647465,1.339698592117118
Orthocoronavirinae,111.12955333037053,151.92244046717624,1.3670750571230583
Orthocoronavirinae,41.011036641702,55.81188828952598,1.3608992324952294
Orthocoronavirinae,108.03259877303765,145.8316284951616,1.3498854063627106
Orthocoronavirinae,113.76148423102973,155.0269697034999,1.3627368766450618
Orthocoronavirinae,114.43249949282402,153.28141711880906,1.3394919957019835
Orthocoronavirinae,111.08735638115209,151.86245583405963,1.3670543685728194
Orthocoronavirinae,109.51360542265357,148.49369738494403,1.3559383495032589
Orthocoronavirinae,111.13863772924512,151.9252492335635,1.3669885859468813
Orthocoronavirinae,108.91243261809034,147.36387688949708,1.353049173056667
Orthocoronavirinae,110.39338920272087,151.22139026046653,1.3698409963912892
Orthocoronavirinae,110.85020640573653,151.7400927165336,1.3688751481538155
Orthocoronavirinae,107.70968708370549,145.72553703984877,1.3529473623537653
Orthocoronavirinae,114.75423422364909,154.33409048331313,1.3449097676215178
Orthocoronavirinae,108.85571332178917,147.07231996968403,1.351075800081549
Orthocoronavirinae,111.03823190679377,151.79191937457335,1.3670239229132224
Orthocoronavirinae,114.86923615495716,154.0492805581897,1.3410838768909297
Orthocoronavirinae,110.55580290409154,151.14678798244012,1.367153817457793
Orthocoronavirinae,106.32086928581417,145.0860432705916,1.3646055026183808
Orthocoronavirinae,105.90506750474738,143.1559069056875,1.3517380261267504
Orthocoronavirinae,106.36982560032678,145.14550791770063,1.3645364848398767
Orthocoronavirinae,105.90506750474738,143.1559069056875,1.3517380261267504
Orthocoronavirinae,110.46996074391794,151.21656691556046,1.3688478378850686
Orthocoronavirinae,110.41916808056261,151.17167285937404,1.369070927513945
Orthocoronavirinae,106.58383968115595,145.4698518435734,1.3648396631116348
Orthocoronavirinae,110.04233999681854,150.447012643852,1.3671738773294133
Orthocoronavirinae,106.60006726493708,145.4476916071774,1.3644240134078987
Orthocoronavirinae,108.46053806638679,147.3163811257237,1.358248665847056
Orthocoronavirinae,109.63272747626976,149.88813532212453,1.3671842229280315
Orthocoronavirinae,111.14078403820469,151.91994539460754,1.3669144653720007
Orthocoronavirinae,106.38261759115458,145.2296716773916,1.3651635480105637
Orthocoronavirinae,107.88210944275026,146.31419159083717,1.356241478282195
Orthocoronavirinae,110.86640530849775,151.7668107466716,1.3689161322076246
Orthocoronavirinae,108.98528727998726,143.8605191602179,1.3199994490140203
Orthocoronavirinae,107.83686989155066,145.85614911478677,1.3525628967297672
Orthocoronavirinae,112.09148032202566,152.26037507829386,1.358358143195787
Orthocoronavirinae,109.06666314449188,147.4946823782324,1.3523351510518933
Orthocoronavirinae,109.54708265237075,144.5775708394191,1.3197756374600291
Orthocoronavirinae,115.48385499462196,150.42941867619115,1.3026012916108194
Orthocoronavirinae,115.06875741318103,154.36181874276284,1.3414746297163092
Orthocoronavirinae,110.30406963692855,151.02446784643732,1.3691649668370536
Orthocoronavirinae,110.56478015352022,151.3271674666824,1.3686742492189938
Orthocoronavirinae,106.21186589525958,144.90545643084027,1.3643057224297164
Orthocoronavirinae,109.01248108710209,149.29456463125064,1.3695180876762427
Orthocoronavirinae,107.77571946801552,146.7122376954016,1.3612735634665953
Orthocoronavirinae,101.34124648575244,139.42516180251047,1.375798765432713
Orthocoronavirinae,111.1180795934793,151.9045289364646,1.367055023738718
Orthocoronavirinae,106.56779917504598,145.4244207788496,1.3646187863932384
Orthocoronavirinae,110.2774573988102,150.98946670874506,1.3691779831548248
Orthocoronavirinae,110.17341149145356,150.06271249873598,1.3620592343224003
Orthocoronavirinae,110.44443476827252,151.16651161393804,1.368710989658338
Orthocoronavirinae,108.02544481429798,146.18106663447284,1.3532095784078149
Orthocoronavirinae,108.11846716474089,146.31090438700443,1.3532461958054718
Orthocoronavirinae,106.68205960677223,145.6850433219258,1.3656002129966156
Orthocoronavirinae,106.47398643304284,145.34266399870998,1.3650532760892735
Orthocoronavirinae,110.04783829653928,149.46805612942043,1.358209833496755
Orthocoronavirinae,113.61173080433694,155.08920626831497,1.365080922280912
Orthocoronavirinae,111.0748373070336,151.83161501583396,1.3669307891592068
Orthocoronavirinae,16.670497508054098,22.874066573708458,1.3721286099984238
Orthocoronavirinae,110.2774573988102,150.98946670874506,1.3691779831548248
Orthocoronavirinae,106.30068322792688,145.0462435542546,1.3644902285646707
Orthocoronavirinae,101.58702462401124,139.74300499110853,1.3755989557556025
Orthocoronavirinae,111.1343376205257,151.9297282586815,1.3670817814873195
Orthocoronavirinae,113.98143195936109,152.72807625911238,1.3399382130377693
Orthocoronavirinae,105.90506750474738,143.1559069056875,1.3517380261267504
Orthocoronavirinae,107.88105711236666,145.91225354197726,1.352528955940783
Orthocoronavirinae,111.19031758988561,152.97233399718613,1.3757702767016937
Orthocoronavirinae,108.07211079809541,146.22027289403795,1.3529880356201467
Orthocoronavirinae,113.90783558527313,155.71718922446271,1.3670454576225397
Orthocoronavirinae,107.9272361974459,146.83253925926482,1.3604771550959036
Orthocoronavirinae,111.0799991984758,151.82744716122323,1.3668297466399923
Orthocoronavirinae,111.12124248224329,151.92077381517083,1.3671623032783056
Orthocoronavirinae,110.59199319493541,151.39382347249233,1.3689401836318964
Orthocoronavirinae,114.04545594458848,152.80464940580688,1.3398574115925357
Orthocoronavirinae,110.91018929456853,151.60539563499927,1.3669203578072304
Orthocoronavirinae,110.56404887315395,151.33069304903663,1.3687151889910683
Orthocoronavirinae,107.83014170568339,145.91898649410646,1.3532300355533664
Orthocoronavirinae,114.29797630245326,153.12370289603052,1.3396886615983237
Orthocoronavirinae,107.96261208611718,145.98626246965813,1.352192760519828
Orthocoronavirinae,109.06801863813718,147.49237006834562,1.352297143653922
Orthocoronavirinae,110.61075193346183,151.4302586042926,1.369037421383645
Orthocoronavirinae,110.56935645627625,151.37426151584125,1.3690435249634556
Orthocoronavirinae,110.34579008605726,151.12012958942506,1.3695142286041762
Orthocoronavirinae,107.17199601803729,145.02495564226527,1.3531982330333499
Orthocoronavirinae,106.90278459681092,144.29423974401658,1.3497706377642955
Orthocoronavirinae,106.37494589989672,145.15519781736106,1.3645618955609922
Orthocoronavirinae,111.11936071035247,151.91868409691116,1.3671666496795964
Orthocoronavirinae,106.60796780748394,145.47350469057312,1.3645650290724405
Orthocoronavirinae,110.30406963692855,151.02446784643732,1.3691649668370536
Orthocoronavirinae,106.45094936680596,145.39451870919697,1.3658358105215225
Orthocoronavirinae,109.97724017982073,149.7869944185418,1.3619817534394323
Orthocoronavirinae,108.2284503000022,146.30115651487347,1.3517809421583347
Orthocoronavirinae,106.3729086790427,145.13733525810449,1.3644201052734686
Orthocoronavirinae,101.58362331658434,139.74862010568032,1.3757002904902806
Orthocoronavirinae,109.7157612882286,149.9027747912299,1.3662829572628863
Orthocoronavirinae,107.66718105229755,145.64177872531846,1.352703556477209
Orthocoronavirinae,111.12650221911497,151.9193000413484,1.3670843318887134
Orthocoronavirinae,110.15793472655304,148.54256406699193,1.3484508804174817
Orthocoronavirinae,109.80823330605833,150.1574553726961,1.3674517005858395
Orthocoronavirinae,108.09109562011885,146.24333485318255,1.3529637572288837
Orthocoronavirinae,16.75255166436946,22.966679799466053,1.3709362167384478
Orthocoronavirinae,110.30839557882175,150.9917293418088,1.3688144818851657
Orthocoronavirinae,106.83776912856177,145.78832065909245,1.3645766085180986
Orthocoronavirinae,106.32822656350018,145.0847859484739,1.3644992551608857
Orthocoronavirinae,106.32839514230126,145.0756808505994,1.3644114599533073
Orthocoronavirinae,110.39321063329884,149.93784436911554,1.3582161756955777
Orthocoronavirinae,114.36826044022315,153.24134109274482,1.3398939574921616
Orthocoronavirinae,108.92069249472662,143.8027692906895,1.3202520659483659
Orthocoronavirinae,110.59531310817526,151.4206414306746,1.3691415772978315
Orthocoronavirinae,111.13903897176009,151.91987878396264,1.3669353288412434
Orthocoronavirinae,111.0613842063816,151.61340755001305,1.365131621881058
Orthocoronavirinae,108.06241425509624,146.18579953862664,1.3527904271464348
Orthocoronavirinae,110.42681511818923,148.71461898091474,1.3467256012205575
Orthocoronavirinae,110.84411689006097,151.51745833889123,1.3669418151364
Orthocoronavirinae,107.46732076414582,146.1183285334604,1.359653590454166
Orthocoronavirinae,105.79773144629085,144.31277751847986,1.3640441580899256
Orthocoronavirinae,106.45831691072044,145.25279350842254,1.3644100125144423
Orthocoronavirinae,108.155080050458,146.2149607422135,1.3519009987695378
Orthocoronavirinae,18.394120377392316,24.943452472675542,1.3560557374264455
Orthocoronavirinae,105.90925266706257,143.1559069056875,1.3516846101795645
Orthocoronavirinae,107.91078618878205,145.9246617571051,1.3522713244051483
Orthocoronavirinae,111.13703179045999,151.93886192449824,1.367130824682873
Orthocoronavirinae,106.3593169840786,145.14130904179675,1.364631826880983
Orthocoronavirinae,107.82121902837712,145.8512761919373,1.352714034456902
Orthocoronavirinae,108.33628168653311,146.48094961402631,1.3520950445563873
Orthocoronavirinae,106.54411866989257,145.37811440095655,1.3644874650602161
Orthocoronavirinae,108.08345312934888,146.18695156720128,1.3525377598016972
Orthocoronavirinae,106.31653200334219,145.0653443956091,1.3644664819489107
Orthocoronavirinae,108.59161474567381,146.88349522400932,1.3526228113286347
Orthocoronavirinae,112.54872780671793,154.70897785400666,1.3745955273674113
Orthocoronavirinae,113.8885156492809,152.8384389530261,1.3420004473821687
Orthocoronavirinae,113.86484116954625,152.56691460258764,1.3398948528406016
Orthocoronavirinae,106.49190520384238,145.35646194863367,1.3649531546120652
Orthocoronavirinae,110.47035869425866,151.20197407831208,1.3687108095374574
Orthocoronavirinae,26.190385863855816,35.13980700796839,1.3417063494457053
Orthocoronavirinae,107.22819541067977,145.13678467284527,1.3535319149686058
Orthocoronavirinae,114.29109602720048,153.1100214154616,1.3396496029666431
Orthocoronavirinae,111.10949190432035,151.8988169331832,1.3671092750922464
Orthocoronavirinae,110.5266827209051,151.29768373179888,1.3688792607107019
Orthocoronavirinae,106.61371109273456,145.46692358383783,1.3644297913737196
Orthocoronavirinae,110.91179048063029,151.61277975046835,1.3669672006327056
Orthocoronavirinae,107.73571944328759,145.87264096317966,1.3539858620424163
Orthocoronavirinae,110.5740127017111,151.34586337221793,1.3687290501113911
Orthocoronavirinae,110.15226131351348,150.79817271004947,1.368997521356827
Orthocoronavirinae,106.67651508570164,145.5982179306021,1.3648572772894914
Orthocoronavirinae,110.45086488713481,151.18439435612916,1.368793214164672
Orthocoronavirinae,108.05914592841316,146.18980983201595,1.3528684552889538
Orthocoronavirinae,110.33928323894095,151.16144587582028,1.36996943825055
Orthocoronavirinae,110.46924274048399,151.2017591664837,1.3687226907283971
Orthocoronavirinae,110.15383493019243,150.79067200548386,1.3689098713725594
Orthocoronavirinae,106.3280001325702,145.08925287704142,1.3645441717717208
Orthocoronavirinae,108.98465793788404,143.8546340193382,1.3199530717555525
Orthocoronavirinae,103.94561202732224,142.85560171305931,1.3743302764479326
Orthocoronavirinae,110.46506779709013,151.19672320419934,1.3687288318324118
Orthocoronavirinae,114.02313389083686,152.7143659264097,1.3393279128129818
Orthocoronavirinae,111.13061846590584,151.9300105524044,1.3671300731491525
Orthocoronavirinae,106.59556420118972,145.49922099418387,1.3649650628948025
Orthocoronavirinae,112.93004633492885,152.49912853287557,1.3503857784720323
Orthocoronavirinae,115.47050195217683,150.46386799779395,1.3030502635219334
Orthocoronavirinae,114.34147282326875,153.15254071676455,1.3394312399096338
Orthocoronavirinae,111.13530444330841,151.94845121852674,1.3672383585005399
Orthocoronavirinae,105.8268621424626,143.04645978686392,1.3517027424879784
Orthocoronavirinae,110.84394720682744,151.5071495186042,1.3668509046858637
Orthocoronavirinae,110.5545142667299,151.14678798244012,1.3671697531751175
Orthocoronavirinae,114.82716837320088,154.04311208020067,1.3415214732069651
Orthocoronavirinae,106.48859455727013,145.34088486655938,1.3648493105840953
Orthocoronavirinae,37.501038748461,51.332939530857445,1.3688404706646717
Orthocoronavirinae,110.84478194266524,152.92160925453177,1.3796013359801718
Orthocoronavirinae,103.94561202732224,142.85560171305931,1.3743302764479326
Orthocoronavirinae,111.12251562561663,151.92431949127803,1.367178547353328
Orthocoronavirinae,110.99946709719062,151.72897100836272,1.366934229292376
Orthocoronavirinae,107.79645644938768,146.67228171482444,1.3606410316807551
Orthocoronavirinae,107.79253155950259,145.85934284848446,1.3531488753278662
Orthocoronavirinae,107.98819318694184,145.92663932385162,1.3513203158352072
Orthocoronavirinae,105.20246641682513,141.98005952484058,1.3495886965453652
Orthocoronavirinae,110.66764333255853,151.48216268684672,1.3688026429878852
Orthocoronavirinae,110.96216082695132,151.74765150166027,1.3675621524558728
Orthocoronavirinae,106.53375092277378,145.42150017452147,1.365027504569302
Orthocoronavirinae,109.65139300365256,149.9840260295849,1.3678259976559426
Orthocoronavirinae,101.70191652843276,139.87922454104466,1.3753843517977233
Orthocoronavirinae,111.13182583404655,151.9300269849008,1.3671153681194648
Orthocoronavirinae,106.9729041968534,145.5834268116451,1.3609374065767152
Orthocoronavirinae,109.25360368745302,144.26401112333855,1.3204508250001663
Orthocoronavirinae,106.47507180998272,145.32274323239469,1.364852267878628
Orthocoronavirinae,106.32589515191614,145.08587560351165,1.3645394228397145
Orthocoronavirinae,10.246408865110714,13.988414196116667,1.3652016409131962
Orthocoronavirinae,107.90542251538083,146.0027464766903,1.353062182355841
Orthocoronavirinae,110.57493566502893,151.35776348044934,1.3688252457045618
Orthocoronavirinae,35.92292725443378,48.310015212035935,1.3448240136408505
Orthocoronavirinae,115.34386258186856,150.23811451926002,1.3025236987587812
Orthocoronavirinae,107.84364084495976,146.06860908418938,1.3544480503415433
Orthocoronavirinae,106.31464548967794,145.07706328648183,1.3646009222743194
Orthocoronavirinae,106.32550956616438,145.0847966141712,1.3645342233124935
Orthocoronavirinae,108.16412219081975,146.2344672522827,1.3519683263762863
Orthocoronavirinae,108.68690492051591,147.04743270866672,1.3529452588258386
Orthocoronavirinae,111.14669810473002,151.9328630734552,1.3669579543451094
Orthocoronavirinae,108.28491560110425,146.42970283376965,1.352263166304545
Orthocoronavirinae,107.93547868823056,146.05732903146563,1.3531910990393554
Orthocoronavirinae,101.52746016341938,139.67024871321416,1.3756893798820522
Orthocoronavirinae,110.53270979254134,151.28105448518082,1.3686541727703951
Orthocoronavirinae,106.54859382367124,145.55639665779694,1.3661034034731632
Orthocoronavirinae,106.35655855686473,145.0923989714916,1.3642073506347643
Orthocoronavirinae,110.87647028211538,151.7822077407758,1.3689307330453375
Orthocoronavirinae,109.39510580890193,148.3315644270814,1.3559250510365248
Orthocoronavirinae,108.19883093164272,146.28990197236777,1.3520469741931873
Orthocoronavirinae,111.052833757976,151.8010660446243,1.3669265421488777
Orthocoronavirinae,105.93129818278638,142.4056380891832,1.344320710990058
Orthocoronavirinae,107.70222088650453,145.2897632993002,1.3489950541726063
Orthocoronavirinae,113.67261608996174,155.82026777752213,1.3707810476905387
Orthocoronavirinae,105.78658888558643,144.30842898621322,1.3641467269758563
Orthocoronavirinae,111.14562821013152,151.93409480571094,1.3669821949133698
Orthocoronavirinae,16.75255166436946,22.966679799466053,1.3709362167384478
Orthocoronavirinae,16.740532492027807,22.970587415331195,1.372153927975127
Orthocoronavirinae,108.13312409942704,146.2689227430757,1.3526745293013387
Orthocoronavirinae,111.14980083754213,151.94140526227253,1.366996648823077
Orthocoronavirinae,110.22324550284837,149.3704627255675,1.3551629880260376
Orthocoronavirinae,109.74425837714527,148.5401183521772,1.353511523506831
Orthocoronavirinae,110.74517197702461,151.41120336993362,1.3672036502082967
Orthocoronavirinae,111.03308206041677,151.77630849543021,1.36694673046042
Orthocoronavirinae,115.50951476107477,150.55530831588965,1.3034017901235688
Orthocoronavirinae,107.65060048115059,145.5842146302672,1.3523771718835764
Orthocoronavirinae,110.42893404613815,149.8365992638082,1.356859962092953
Orthocoronavirinae,108.99820273339154,147.5295084062448,1.3535040459988172
Orthocoronavirinae,106.37495469184441,145.20877684265486,1.3650654636075514
Orthocoronavirinae,114.26962353071634,153.10373266791902,1.3398463033070538
Orthocoronavirinae,107.84027961258255,146.66445825152147,1.3600155598484651
Orthocoronavirinae,109.42161379591766,149.8260289885138,1.3692544259852943
Orthocoronavirinae,40.95476124683062,55.73061310355175,1.3607847148141925
Orthocoronavirinae,106.33917730093192,145.0959393964627,1.3644636255352254
Orthocoronavirinae,115.39658952706598,150.30916084046507,1.302544221250234
Orthocoronavirinae,106.35880055620335,145.1451651899251,1.3646747089181945
Orthocoronavirinae,114.31796509436194,153.1222781022977,1.339441950142354
Orthocoronavirinae,108.09516382241074,146.1128669596441,1.3517058653955374
Orthocoronavirinae,110.88499844643333,151.58190093905208,1.3670190112531655
Orthocoronavirinae,107.59295680494996,146.27425780796165,1.3595151778674057
Orthocoronavirinae,115.37855993562498,150.30845752613774,1.302741667169375
Orthocoronavirinae,108.96893922210317,143.86732738639256,1.3202599604384386
Orthocoronavirinae,106.45188405293429,145.2546752963661,1.3645101407893985
Orthocoronavirinae,106.01389484474664,144.74055568736262,1.3652979724905845
Orthocoronavirinae,110.25219614478728,150.9007447850117,1.368686974605415
Orthocoronavirinae,101.33533620838588,139.45303041222158,1.3761540211940533
Orthocoronavirinae,110.85949489391966,151.5332264426808,1.3668944332434623
Orthocoronavirinae,101.43786522216637,139.52508584802464,1.3754734047531532
Orthocoronavirinae,105.6297694063812,143.35615970058333,1.3571567987530138
Orthocoronavirinae,110.5266827209051,151.29768373179888,1.3688792607107019
Orthocoronavirinae,108.03659394726526,146.18609131136805,1.3531164392569086
Orthocoronavirinae,106.30405976383005,145.0926806343696,1.3648837208730702
Orthocoronavirinae,111.0606344169744,151.79302999756334,1.3667581748872437
Orthocoronavirinae,111.06930652134226,151.81622500111672,1.366860294314927
Orthocoronavirinae,107.94837473590066,146.14948718443458,1.3538831644477671
Orthocoronavirinae,111.16771424909723,151.9538066121904,1.3668879281956126
Orthocoronavirinae,37.49132747557582,51.33730909848227,1.369311586310903
Orthocoronavirinae,107.99715395702282,146.09730571245535,1.352788479690811
Orthocoronavirinae,110.69076965857947,151.31178675032004,1.3669774563591364
Orthocoronavirinae,106.62593575069289,145.5340990562585,1.3649033701944582
Orthocoronavirinae,110.66235350674381,151.4429506702437,1.3685137345376872
Orthocoronavirinae,106.37755544282756,145.15993793606268,1.3645729809431337
Orthocoronavirinae,110.43436469455523,151.16546514333413,1.3688263210589835
Orthocoronavirinae,111.12739938100097,151.92708724245134,1.3671433695804254
Orthocoronavirinae,110.5412497894003,151.2892701993265,1.368622758359961
Orthocoronavirinae,115.68345076011009,150.75572967010916,1.3031745567715436
Orthocoronavirinae,107.70585715565285,145.55006540168546,1.351366297483167
Orthocoronavirinae,111.12689620059656,151.92850336577678,1.3671623032783056
Orthocoronavirinae,106.386146560726,145.1563948451032,1.3644294820119915
Orthocoronavirinae,115.50386932289355,150.49717389812747,1.3029621845603232
Orthocoronavirinae,106.36962044581529,145.1474882872187,1.3645577344252804
Orthocoronavirinae,106.39025913866766,145.22373545171632,1.3650096975742265
Orthocoronavirinae,110.47614402075308,151.23617569641132,1.3689487177249906
Orthocoronavirinae,106.59770743031629,145.45900492196083,1.3645603496402439
Orthocoronavirinae,107.71886402149282,145.69746722386142,1.3525715161161638
Orthocoronavirinae,110.98187920937838,151.74245250045604,1.3672723293338616
Orthocoronavirinae,101.52275090512605,139.64799745332215,1.3755340178264526
Orthocoronavirinae,107.88858714769289,145.9833598806819,1.3530936287157007
Orthocoronavirinae,106.3582940119942,145.1451651899251,1.3646812083461666
Orthocoronavirinae,105.62494318814937,144.22168232326985,1.3654131114311534
Orthocoronavirinae,111.13956325363331,151.93128737127094,1.3670315315577244
Orthocoronavirinae,111.05287693611035,151.80107893048765,1.3669261267118733
Orthocoronavirinae,110.39168321994777,151.25310983561812,1.3701495024245331
Orthocoronavirinae,110.33103393071731,151.22139785541032,1.3706152518281505
Orthocoronavirinae,107.88303377562987,145.9667098491138,1.3530089462694255
Orthocoronavirinae,115.40696283082988,150.41219599279316,1.3033199410444234
Orthocoronavirinae,109.80790034369655,149.5945421843385,1.3623295019403028
Orthocoronavirinae,108.54637832069005,146.84485051502503,1.3528304931665776
Orthocoronavirinae,110.45803625033214,150.99096699968328,1.366953207981092
Orthocoronavirinae,111.12124248224329,151.92077381517083,1.3671623032783056
Orthocoronavirinae,106.37990174596369,145.1518478283874,1.3644668348633326
Orthocoronavirinae,107.8366977002568,146.77066416619718,1.361045611524208
Orthocoronavirinae,105.91936988998054,143.1605839953455,1.3515996568337572
Orthocoronavirinae,113.94373330743048,152.68240450447047,1.3399807086583653
Orthocoronavirinae,111.13017844785121,151.9286950810344,1.3671236490664707
Orthocoronavirinae,40.94354850183943,55.72195122398896,1.3609458208412393
Orthocoronavirinae,110.5266827209051,151.29768373179888,1.3688792607107019
Orthocoronavirinae,105.797178215701,144.31172811973983,1.3640413719306836
Orthocoronavirinae,105.27147918464351,143.67930593257492,1.3648455122452023
Orthocoronavirinae,108.1836603625325,146.254294535499,1.3519074326509994
Orthocoronavirinae,113.76148423102973,155.0269697034999,1.3627368766450618
Orthocoronavirinae,106.3176619690731,145.071880888334,1.3645134609011076
Orthocoronavirinae,115.04601171815139,154.33724838391583,1.3415262822150076
Orthocoronavirinae,101.68424882791552,139.84075600222178,1.3752450120261999
Orthocoronavirinae,106.31683157187769,145.0851418215933,1.3646488488843416
Orthocoronavirinae,114.32847809907697,153.1517733779422,1.3395767697110512
Orthocoronavirinae,107.89966039134818,145.987974364454,1.3529975334024305
Orthocoronavirinae,108.02119926106862,146.02712537066202,1.3518376612144403
Orthocoronavirinae,110.853742017828,151.53016330084827,1.366937737442174
Orthocoronavirinae,106.38087700764734,145.12680314502242,1.3642189012466006
Orthocoronavirinae,106.3617257295529,145.12932427966325,1.3644882431551095
Orthocoronavirinae,113.40376219767323,152.96338743769257,1.3488387375637791
Orthocoronavirinae,107.66688612077972,145.3678812167083,1.350163327410026
Orthocoronavirinae,110.8880684709725,151.59396383172262,1.3670899486485855
Orthocoronavirinae,110.47566667118642,151.2270786427609,1.3688722883462174
Orthocoronavirinae,106.60314234472439,145.58278036768957,1.3656518669676365
Orthocoronavirinae,115.52392620950663,150.51895385130362,1.3029245004911996
Orthocoronavirinae,107.14657245726544,146.6006393598761,1.3682251890824284
Orthocoronavirinae,110.16371714696602,149.65558945339268,1.3584834764947316
Orthocoronavirinae,106.50990177816483,145.3898959556759,1.3650364288053611
Orthocoronavirinae,108.0083882685136,145.98862151464738,1.3516415146545215
Orthocoronavirinae,107.88112900097747,145.96514369008253,1.3530183178631732
Orthocoronavirinae,106.4780825356874,145.33650295963548,1.3649429018495352
Orthocoronavirinae,110.86370279681378,151.55154933224154,1.3670078259067233
Orthocoronavirinae,111.14911793351389,151.94801160699257,1.3670644844692637
Orthocoronavirinae,107.48933051931931,145.66720163874683,1.355178238946848
Orthocoronavirinae,110.5266827209051,151.29768373179888,1.3688792607107019
Orthocoronavirinae,106.3255703315107,145.0846436325703,1.3645320046740717
Orthocoronavirinae,105.90715958436662,143.1559069056875,1.3517113240266647
Orthocoronavirinae,110.86331173173679,151.54062538790043,1.3669141127101923
Orthocoronavirinae,114.21923052042855,153.026190139397,1.3397585454056062
Orthocoronavirinae,109.68337188471621,144.78906355426994,1.3200639355476045
Orthocoronavirinae,105.90925266706257,143.1559069056875,1.3516846101795645
Orthocoronavirinae,101.55868905995106,139.72362057442925,1.375791888096833
Orthocoronavirinae,109.09799681384132,143.9971609790952,1.3198882214565668
Orthocoronavirinae,111.14671035445235,151.9270811549146,1.3669057830898603
Orthocoronavirinae,112.82568574716579,152.97433203662354,1.3558466852967148
Orthocoronavirinae,114.81926621221922,153.9880790407022,1.3411344987703342
Orthocoronavirinae,114.76679057793109,153.98184803322397,1.3416934224423078
Orthocoronavirinae,111.06776012268264,151.83029802768908,1.3670060318132027
Orthocoronavirinae,113.93146856642383,152.6062912513913,1.3394568960762534
Orthocoronavirinae,115.51943615423426,150.51611486833377,1.302950567274014
Orthocoronavirinae,110.54040871911971,151.2968073695245,1.3687013565687614
Orthocoronavirinae,107.0875994941221,145.1772201575511,1.3556865672903582
Orthocoronavirinae,108.56376090444819,147.29889082588346,1.3567961315887702
Orthocoronavirinae,108.02084422465317,146.10484632680368,1.3525616039710486
Orthocoronavirinae,40.94229938254605,55.722465476101306,1.360999902703465
Orthocoronavirinae,106.30119315344311,145.05031116407716,1.3645219480716522
Orthocoronavirinae,111.13827546728895,151.92924421761555,1.3670289877975703
Orthocoronavirinae,108.02554861503953,146.13620853445968,1.3527930235765941
Orthocoronavirinae,108.07311410679227,146.2092217801318,1.3528732191029065
Orthocoronavirinae,110.84411689006097,151.51745833889123,1.3669418151364
Orthocoronavirinae,111.0765856592302,151.90039456397028,1.3675284819249187
Orthocoronavirinae,108.86211613803415,147.03469464188598,1.3506507117264748
Orthocoronavirinae,107.84175915707289,146.65990780831058,1.359954705437423
Orthocoronavirinae,111.07496504268128,151.8410981207648,1.3670145929140636
Orthocoronavirinae,110.591187527215,151.45504550220673,1.3695037451780296
Orthocoronavirinae,101.49176445745064,139.67354652460864,1.3762057174911497
Orthocoronavirinae,114.28849088542708,153.11735525131743,1.3397443090294705
Orthocoronavirinae,106.35407140495471,145.14439626548833,1.3647281608320874
Orthocoronavirinae,110.2774573988102,150.98946670874506,1.3691779831548248
Orthocoronavirinae,108.13820545122692,146.2515998592296,1.3524507758286481
Orthocoronavirinae,110.53448738834463,151.31601479765453,1.3689484465244839
Orthocoronavirinae,110.43493198461996,149.63065123985538,1.3549213871992434
Orthocoronavirinae,114.18289278593545,152.98366893769796,1.3398125166131876
Orthocoronavirinae,108.1040990696592,147.0283719272082,1.3600628763620455
Orthocoronavirinae,23.77506757163671,32.667961992454764,1.3740428662935595
Orthocoronavirinae,111.13751017916387,151.93306989748203,1.367072824040704
Orthocoronavirinae,107.60551811034514,145.29770720392185,1.3502811914805788
Orthocoronavirinae,108.1701547323131,146.38778720760237,1.3533103245517752
Orthocoronavirinae,113.93634829789922,152.66684771466845,1.3399310228506187
Orthocoronavirinae,106.57169515744886,145.41857458417817,1.364514042582667
Orthocoronavirinae,113.79058989317028,152.40103583814292,1.339311413898295
Orthocoronavirinae,110.88576513673053,151.58363180189258,1.367025168784997
Orthocoronavirinae,108.8992739225234,143.80662982596743,1.3205471868277003
Orthocoronavirinae,110.94875484141154,151.70126297578304,1.3673092879016309
Orthocoronavirinae,111.15122628341133,151.9364822348242,1.3669348266785595
Orthocoronavirinae,106.77184287079227,145.01898497003714,1.358213748783271
Orthocoronavirinae,110.84115191030425,151.54484775340777,1.3672254856755917
Orthocoronavirinae,110.5335239329514,151.2788253280782,1.3686239246279936
Orthocoronavirinae,106.62609846858507,143.90119792520255,1.349587014736357
Orthocoronavirinae,113.66119182741993,155.17656118260624,1.3652554463639808
Orthocoronavirinae,110.7518434983112,151.48795168054477,1.3678142674244038
Orthocoronavirinae,110.2774573988102,150.98946670874506,1.3691779831548248
Orthocoronavirinae,108.12841364340777,146.2595735061337,1.3526469923851572
Orthocoronavirinae,111.14602378817104,151.9326153848639,1.3669640191036116
Orthocoronavirinae,106.6413982363788,143.96339111448734,1.3499765897234532
Orthocoronavirinae,107.80715972729877,146.67359417006776,1.3605181190292253
Orthocoronavirinae,106.368218844771,145.20516456797702,1.365117947306074
Orthocoronavirinae,108.96026548035171,147.35890013542115,1.3524095181467202
Orthocoronavirinae,101.4026836180174,139.49396725525756,1.375643743125473
Orthocoronavirinae,105.90297642798875,143.1559069056875,1.351764716481125
Orthocoronavirinae,108.09811540983391,146.14161928750633,1.3519349410804948
Orthocoronavirinae,101.55653689251065,139.66829518730924,1.3752762693664593
Orthocoronavirinae,110.55840498636822,151.32314133673,1.3687167552334718
Orthocoronavirinae,106.37487378751955,145.15154432912502,1.3645284752023363
Orthocoronavirinae,106.96976377924823,144.5855761629698,1.3516490179537903
Orthocoronavirinae,111.14111061082201,151.91374213587613,1.3668546346259385
Orthocoronavirinae,111.12124248224329,151.92077381517083,1.3671623032783056
Orthocoronavirinae,110.88415983054924,151.60311672888102,1.36722068292313
Orthocoronavirinae,111.13944990818307,151.91967490908365,1.3669284402126411
Orthocoronavirinae,108.16884960315686,146.3244393525441,1.3527410145283978
Orthocoronavirinae,101.50256371773004,139.64686307562218,1.3757964130242875
Orthocoronavirinae,106.38622324844974,145.16303956540062,1.3644909569389752
Orthocoronavirinae,110.2774573988102,150.98946670874506,1.3691779831548248
Orthocoronavirinae,106.46455961965886,145.25106293317492,1.364313753347401
Orthocoronavirinae,111.06817554784553,151.79181626086955,1.3666544490548622
Orthocoronavirinae,110.5545142667299,151.14678798244012,1.3671697531751175
Orthocoronavirinae,106.68845718711252,145.61721634218367,1.364882576629607
Orthocoronavirinae,114.03232153802679,152.7334812757664,1.3393876333986043
Orthocoronavirinae,111.11725468457783,151.88312430991155,1.3668725414523015
Orthocoronavirinae,110.53436009553987,151.28477209502176,1.3686673715237458
Orthocoronavirinae,107.00412520620071,144.65680175283362,1.3518806071642087
Orthocoronavirinae,105.90925266706257,143.1559069056875,1.3516846101795645
Orthocoronavirinae,110.38603157495072,151.22976726012337,1.3700081894640832
Orthocoronavirinae,107.76725176535335,145.87481482762212,1.3536098623470711
Orthocoronavirinae,106.46016292684402,145.3139172313734,1.3649605001189828
Orthocoronavirinae,110.32154366184727,151.07083705289182,1.3693684119934677
Orthocoronavirinae,110.53495933847289,151.285442155213,1.3686660135456028
Orthocoronavirinae,111.13265258740763,151.91446548589116,1.3669651713424906
Orthocoronavirinae,114.28743456330444,153.11018486031531,1.339693951879782
Orthocoronavirinae,105.91915117304369,143.16131322355142,1.3516093325716325
Orthocoronavirinae,40.94006809324544,55.70378286597471,1.3606177385710083
Orthocoronavirinae,111.15987141042677,151.94559682145152,1.3669105127014303
Orthocoronavirinae,106.39070194069863,145.753389930674,1.369982407033237
Orthocoronavirinae,106.48246094489258,145.41028447278958,1.3655796755866034
Orthocoronavirinae,111.068073205219,151.83374017721357,1.3670331697991411
Orthocoronavirinae,111.13348423347787,151.92446310407735,1.3670449023707618
Orthocoronavirinae,108.9234657786677,147.30017444368013,1.3523272821945809
Orthocoronavirinae,29.573800455455185,40.04357812708637,1.354022057036634
Orthocoronavirinae,111.1382579635747,151.91170530685253,1.3668713914576673
Orthocoronavirinae,107.0570941265111,144.69055822312745,1.3515270464201492
Orthocoronavirinae,111.0533304057069,151.85637754525467,1.367418491552514
Orthocoronavirinae,111.06766329283435,151.8176621044315,1.3668934557861196
Orthocoronavirinae,106.34085753964843,145.14470895253052,1.3649006817385723
Orthocoronavirinae,107.03380531948424,144.67702841485303,1.3516947097508853
Orthocoronavirinae,106.37486148708976,145.17048671176224,1.3647067049707127
Orthocoronavirinae,108.04203722980489,146.09080757292145,1.3521663541218407
Orthocoronavirinae,107.95287814744133,146.0015255950606,1.3524560725064938
Orthocoronavirinae,114.12109337385097,154.91404588012063,1.357453221838976
Orthocoronavirinae,106.32343326005858,145.13030797919484,1.3649889166409606
Orthocoronavirinae,110.79625252711017,151.6759862988692,1.3689631448659003
Orthocoronavirinae,114.26983177355667,153.18873212981887,1.3405877102662234
Orthocoronavirinae,110.95442659815711,151.6922054533158,1.3671577611112211
Orthocoronavirinae,110.58922123750078,151.380856848525,1.3688572462538673
Orthocoronavirinae,110.48579546041366,151.2428693564504,1.3688897176890014
Orthocoronavirinae,108.1279508081686,146.3019339001211,1.3530445440483518
Orthocoronavirinae,107.798030425064,145.7523342469407,1.3520871733204876
Orthocoronavirinae,108.2166600679828,146.30929451034325,1.3520034199764646
Orthocoronavirinae,107.01877678772792,144.63418322630218,1.3514841747180921
Orthocoronavirinae,109.05680874254405,147.49225499481722,1.3524350904399713
Orthocoronavirinae,114.03448715953564,152.71863668175317,1.3392320208192625
Orthocoronavirinae,109.39415399226071,148.33528589668998,1.3559708675765638
Orthocoronavirinae,107.636864877018,146.3542106610768,1.359703395563368
Orthocoronavirinae,110.23440270228141,150.70404721453045,1.3671235432875573
Orthocoronavirinae,105.8268621424626,143.04645978686392,1.3517027424879784
Orthocoronavirinae,113.97968808542454,152.65560652514762,1.3393229012061918
Orthocoronavirinae,110.4979558391914,151.25065268665458,1.3688095090806105
Orthocoronavirinae,40.92238043922929,55.72785536760123,1.3617940786792306
Orthocoronavirinae,107.80008521287631,145.77978992309994,1.3523160917287207
Orthocoronavirinae,106.55974313467605,145.49151760011677,1.3653516170383087
Orthocoronavirinae,112.37654937917515,150.82293673877385,1.342121088180728
Orthocoronavirinae,110.33842101808732,151.09060305995678,1.3693380933481831
Orthocoronavirinae,106.97603839460584,144.48699497528222,1.3506482119136676
Orthocoronavirinae,107.82737960099165,146.73163790088543,1.3608012959589346
Orthocoronavirinae,110.22704861417085,151.04080021366852,1.3702698395051705
Orthocoronavirinae,106.64552534829389,145.58893575456187,1.3651668485769337
Orthocoronavirinae,101.48279377943472,139.65326203093494,1.3761274875272047
Orthocoronavirinae,106.35674683083107,145.1412273418771,1.3646640355852164
Orthocoronavirinae,111.07032370069295,151.87808293854252,1.3674047025181666
Orthocoronavirinae,106.58737706285183,144.10127400642133,1.3519544056464448
Orthocoronavirinae,110.40111572992913,151.10193623909728,1.3686631266366305
Orthocoronavirinae,106.51882150452944,145.32241704148993,1.36428862982971
Orthocoronavirinae,101.4167672221291,139.56293881795997,1.3761327898796147
Orthocoronavirinae,16.75255166436946,22.966679799466053,1.3709362167384478
Orthocoronavirinae,109.08601263596688,144.01373852033444,1.3201851918533825
Orthocoronavirinae,106.37858789974031,145.1518478283874,1.3644836869351011
Orthocoronavirinae,111.04488688188454,151.79640671664018,1.3669824066559852
Orthocoronavirinae,110.26097299081053,151.0784668068107,1.3701898569260949
Torovirinae,110.78327720743995,149.17013485037796,1.3465040808556261
Torovirinae,111.23827112007267,148.33508519871512,1.3334896677655073
Torovirinae,56.115414087384536,75.97144316141292,1.3538426900514002
Torovirinae,115.01654064986619,153.54740658111325,1.3350028240593923
Torovirinae,111.23827112007267,148.33508519871512,1.3334896677655073
Torovirinae,110.22043585908399,148.83542271249843,1.350343260325911
Torovirinae,110.83524490686189,148.0474625704313,1.3357435416400254
Torovirinae,111.47868857683892,148.69540686154372,1.3338460360434938
Torovirinae,110.78327720743995,149.17013485037796,1.3465040808556261
Torovirinae,110.22043585908399,148.83542271249843,1.350343260325911
Torovirinae,56.034253518908265,75.93073326974643,1.3550770912674739
Coronavirinae,110.29107279799418,151.07141324673768,1.3697519610080822
Coronavirinae,110.03811269910936,150.33061644357346,1.3661686188188342
Coronavirinae,105.91004860506256,143.1315233984669,1.3514442235052013
Coronavirinae,106.71375733225747,145.7763779637342,1.3660504662941793
Coronavirinae,105.7710452385332,142.92725897425885,1.3512890853251145
Coronavirinae,110.37323901429124,151.18215395611463,1.3697355926696997
Coronavirinae,108.5756654481408,148.6832584906694,1.3693976258583032
Coronavirinae,112.93899989805887,152.7161801204725,1.3522005707356834
Coronavirinae,110.03811269910936,150.33061644357346,1.3661686188188342
Coronavirinae,110.2009892039515,150.95088959456456,1.3697779909688133
Coronavirinae,106.07139777948817,143.3415618970448,1.3513686526035755
Coronavirinae,105.88903646001742,143.17047005772696,1.352080204373062
Coronavirinae,109.08851476708536,149.38392164225422,1.369382670221549
