,Sublevel Name,Int1,Int2,Real,EIIP,PP,Paired Numeric,Just A,Just C,Just G,Just T
0,Duplodnaviria,238.10839414902432,239.10839414902432,263.4153677290109,5.166647073659214,211.79746660674306,204.42977818086388,84.21579218124404,96.04863100581623,98.68220724149899,83.25597908173468
1,Duplodnaviria,465.79215530004035,466.79215530004035,556.4321718975468,8.779050978076118,416.2120570320661,414.71689687991,187.85941509405848,174.2175589031862,169.9417474465424,190.66527082200022
2,Duplodnaviria,398.29319207713274,399.29319207713274,493.1687731262119,6.958410951706622,361.4031674668885,344.8745575572432,168.87461783997972,141.33064550856938,134.26933100122923,170.584700338215
3,Duplodnaviria,207.5833097954155,208.5833097954155,238.57098705731053,4.487400882451906,186.26966650235508,181.69406520908453,78.080224689707,83.96439349152281,85.76393981285979,73.75686559717468
4,Duplodnaviria,532.8573595870415,533.8573595870415,596.8434062234631,11.248531728025538,476.52860278008484,449.08898392330553,188.19530812971618,214.63993838528717,216.43945115207487,191.76910353900462
5,Duplodnaviria,186.65779554742429,187.65779554742434,234.78130111876888,3.59532866652192,168.52388225028,165.93533294329302,81.5576114994739,65.28195496683009,69.28720027786837,75.05969230647966
6,Duplodnaviria,201.0014454562056,202.0014454562056,230.39916558251437,4.435133659672447,182.06133402803522,174.79797102374494,74.09178670740457,83.9533368709011,84.57126415827685,69.88256692570884
7,Duplodnaviria,176.17257899351625,177.17257899351625,195.69416429671276,4.0951529592944915,164.1804059904119,143.52525363454097,58.91555680247534,79.22648922843057,77.06463806101522,55.022575124964874
8,Duplodnaviria,205.69952180539897,206.69952180539897,226.443682602257,4.612361736275665,181.52168458760136,170.8785901418891,69.91480869525499,81.79520912104451,87.96643058633576,67.7496434435538
9,Duplodnaviria,241.57093583942748,242.57093583942748,283.71139627588786,5.162890372112771,217.2304011372866,215.00869558151243,93.64583596443518,96.54699044793753,99.33160418280504,87.34223988646033
10,Duplodnaviria,348.00060563729545,349.00060563729545,410.9470466550559,6.76156951205377,312.0500730019104,309.5412656139558,138.93033227843543,132.44173414240205,130.37531784849082,138.61699660575457
11,Duplodnaviria,229.73499927070353,230.73499927070353,290.7505951549842,4.168271928079675,206.7181884832746,194.21331511974523,100.40909850450271,73.31112447306673,80.54430007408949,95.50296985460707
12,Duplodnaviria,200.61657980365348,201.61657980365342,222.29145987924832,4.414561617432797,179.43034669041865,166.8689848706655,68.31939729400537,83.54718977758422,83.57420851034412,69.53826852049045
13,Duplodnaviria,256.5366443296163,257.5366443296163,281.82299696227335,5.746258943573789,231.71495633762413,210.32836459046212,85.30041502426005,108.95584519655308,109.28486945253104,84.81461179232906
14,Duplodnaviria,195.6527644103855,196.6527644103855,227.56386049710775,4.016758415625523,173.92212684906096,173.8350301721955,75.96836326700817,75.52369655871561,76.72740888292527,74.23696695588174
15,Duplodnaviria,379.774353636752,380.774353636752,432.4360379754839,7.93149768942666,340.19236747571136,334.847900776483,140.70937727905778,153.97261379879708,152.63378404585063,140.53179576442605
16,Duplodnaviria,411.8826405857755,412.8826405857756,496.54455064326135,7.758152892695581,368.68471132401777,365.30884706530276,168.77320316361678,150.9716717399934,150.3639767707769,168.2270566318603
17,Duplodnaviria,178.4859858215432,179.4859858215432,212.92596482508407,3.318302513885145,160.34829798678484,159.27746088917104,72.01870337842395,68.54635624924394,62.59427270157509,75.10488193405142
18,Duplodnaviria,135.27453058629044,136.27453058629044,167.66494551118035,2.6041763601232604,121.94331776335488,119.7510206605117,58.534831970954016,47.854236590314315,49.34822014484318,54.63886362948592
19,Duplodnaviria,250.44549497857176,251.44549497857176,285.93812824491766,5.245397402121696,223.35462404416958,220.63747097936255,93.25872958951446,100.25987327213416,100.39096401453779,92.67239058827711
20,Duplodnaviria,230.58072065337348,231.58072065337348,262.481488085912,5.248904055955183,212.77778960003502,195.60960805133382,82.24355542309745,100.52369992510222,100.09764525739938,74.84141868415011
21,Duplodnaviria,425.129700194329,426.129700194329,524.8592883407152,7.935997613911886,381.0404846229906,370.76896041446173,179.67792669729516,147.8346445007245,154.7143513855976,174.00958448903685
22,Duplodnaviria,214.07363955959914,215.07363955959914,243.14449112791348,4.856506217447864,198.11944746660507,181.47678417814492,76.22644982648892,94.0690078087079,92.23702741416251,70.43830727007084
23,Duplodnaviria,161.74948040069702,162.74948040069702,207.575320952894,3.133457344943682,146.49753504807111,143.643196078522,73.23534459393078,54.51120444784944,60.4098100951057,64.34393113381842
24,Duplodnaviria,336.80215315028994,337.80215315028994,400.2504590804524,6.352070775126425,299.5418956244095,297.61523916859744,134.8265212388511,124.25826715789876,122.37021360541758,137.65786345041028
25,Duplodnaviria,223.31629557249835,224.31629557249835,248.19394592281046,4.905996706604207,201.59028139611502,188.5054627911451,77.24385227589048,94.2407468988897,93.15441185074685,77.51397699832579
26,Duplodnaviria,154.76099531087635,155.76099531087638,196.03275220040462,2.6461324653302545,139.88173129331932,130.4136821925111,67.3620342604971,52.01513888674589,49.769895022580066,67.98578806052457
27,Duplodnaviria,280.6818083894053,281.6818083894053,326.4289723877514,6.068884286951312,253.34128156167085,248.2890911891771,106.96410915137051,114.02490434859669,116.87798058292724,99.67413180718228
28,Duplodnaviria,196.19935786769582,197.19935786769582,229.55336505655492,4.0381958220710805,174.3385539565888,173.4058555090064,77.05619561085524,74.67823182666808,77.33403659718306,74.20861810720241
29,Duplodnaviria,218.94654561327945,219.94654561327945,251.2321460965877,4.773442868675134,198.09319412399793,191.96076725615842,81.27386294684791,89.755385458134,91.33034088683074,76.40225130740585
30,Duplodnaviria,418.6270461247853,419.6270461247853,499.54002834687896,7.973509095419368,373.2765571063038,370.73152425257683,169.43779035708758,153.87566249581118,154.53816999860402,168.92562925095308
31,Duplodnaviria,299.73670767030137,300.73670767030137,354.64246347050056,6.042969424608213,267.81641560248283,268.8591044861442,119.05729451286315,115.76034961424719,116.57689529277496,115.75089216178742
32,Duplodnaviria,222.6621010919186,223.6621010919186,251.46697198828554,4.782390165929876,200.23221796722567,192.6952041667675,80.48882702210845,92.5508303221962,90.96100283984717,79.87464956381017
33,Duplodnaviria,201.93135069321582,202.93135069321582,232.1651139810568,4.113742130416217,178.55273908648306,178.88625967129812,76.6758352156941,78.13535557717286,78.46062700088495,77.50840695505872
34,Duplodnaviria,209.59035501874084,210.59035501874084,240.8817779891917,4.393418188173826,185.99244566291944,185.01199094492634,78.98979302838531,82.76717698486652,83.9298920922275,77.7887450822946
35,Duplodnaviria,238.27150046599016,239.27150046599016,283.54652301767965,4.716985648485181,211.16436676024935,211.07938201335884,95.96380642037298,87.0174736467665,90.80673853458389,93.7209272908041
36,Duplodnaviria,282.09252751340995,283.09252751340995,327.49853026271194,5.526231400201803,249.3411867545401,250.08501625763915,108.89590095111967,106.87807654402926,106.0272335330059,112.14618443108263
37,Duplodnaviria,223.4535424359666,224.4535424359666,245.6357020535499,4.893989907176528,199.8154659086754,186.69821864259853,75.70029801615429,93.09081276491274,92.86363409215808,77.37711310298899
38,Duplodnaviria,225.25860214806931,226.25860214806931,249.54177134585817,4.924535519760596,202.40233245955375,189.2219653413611,77.28789285830479,94.27543960046185,93.48667960979915,78.30844667140641
39,Duplodnaviria,355.0765935223663,356.0765935223663,450.22259516288835,6.558161452344933,320.0194439444704,311.0968027338141,155.9895142760703,120.11348977244604,128.12755223587249,146.4569235956041
40,Duplodnaviria,248.615037741299,249.61503774129898,287.53285964421474,5.096072241643376,219.61856657722075,218.4618982387658,95.74781054661844,93.59606768859115,97.94051557894915,93.67383127902612
41,Duplodnaviria,470.1797143509069,471.1797143509069,577.9656367829595,8.34614088925929,426.4866078118673,413.55753650783254,197.88199465332195,171.1161374758751,161.47577382203193,199.96583708482598
42,Duplodnaviria,255.50154859273619,256.5015485927362,282.0598801688376,5.714929303341495,229.4873759557287,213.78178955136275,86.06058416633796,107.71976951247146,108.89766369717772,85.84861873984583
43,Duplodnaviria,215.76745162616976,216.76745162616976,246.32487333926673,4.597391041353018,192.96135677148217,190.6267344896954,80.93288562935786,86.94672589493392,87.82533823952969,78.46733223679072
44,Duplodnaviria,226.83058497238852,227.83058497238852,251.55325399403247,4.9228500799092245,202.72654798023675,191.27985855766696,78.65128391575055,93.38458171100723,93.55878967332086,79.82342427595837
45,Duplodnaviria,377.6909600775563,378.6909600775563,430.88624333988247,8.40781263467566,347.3816743026987,321.1889852694945,135.77258057757504,162.29394809844354,161.40958645096472,126.91175952486846
46,Duplodnaviria,237.67643832817564,238.67643832817564,271.35266933519,5.320036363162232,217.97062459875332,201.793315080639,85.89467784072174,101.36834635101914,101.47116705395585,79.58192923522232
47,Duplodnaviria,689.2786301301869,690.2786301301869,882.8423942427648,12.022331238173367,615.7629606393363,567.4136316923615,303.8533807640993,201.96275590198283,237.11620593139412,289.37141937717973
48,Duplodnaviria,357.47015162050195,358.47015162050195,382.59821905268745,8.330334358895529,327.6233738324027,269.59018376098425,105.83416140900012,157.25341949775196,158.22488703240595,106.50746233482619
49,Duplodnaviria,324.0943418155882,325.0943418155882,391.2175630167139,5.943713238359801,289.84576399302114,283.325930170124,132.8595088932876,116.28137257760939,114.43623979943173,134.92105893660806
50,Duplodnaviria,210.9943882993808,211.9943882993808,249.7479494724943,4.182859059777029,185.55599840698434,185.18781139002112,84.2787817222088,75.05424897499891,80.34435175181444,82.29837294954675
51,Duplodnaviria,277.30083605587237,278.3008360558723,344.31829709613015,4.989631610842737,249.33633875967536,239.14902811183717,118.23380648910607,94.77764383612902,96.19122198070542,116.67171738848772
52,Duplodnaviria,215.9313347714853,216.93133477148524,239.23592118971854,4.697757106766526,193.0636204499501,182.00328172225812,74.3517783347904,89.7265319301429,89.09365474702106,75.90713569292325
53,Duplodnaviria,376.9072455429958,377.9072455429958,430.52336457314016,8.392476271326345,346.4333257097475,320.76995447214887,135.80173399251663,161.81501939308978,161.10476520498312,126.91411029692475
54,Duplodnaviria,218.93919620631237,219.93919620631237,260.08846499592,4.3483876703901965,194.18994253735954,194.5376718865228,88.2801748381638,80.35546153787199,83.60127172766435,85.76606899974209
55,Duplodnaviria,200.88872505370756,201.88872505370756,241.93219226605373,4.001328888432314,177.66952971418772,177.38564792692026,82.78248665643879,71.1243041559318,76.951056822962,78.06566655515971
56,Duplodnaviria,379.4329668702983,380.43296687029823,414.5444832030844,8.518744508815038,342.99887408284326,312.59943215608274,125.05332952288836,161.8646138439621,162.92875878964136,124.66968096462627
57,Duplodnaviria,198.25286797542154,199.25286797542154,217.29176691854477,4.5442510986535005,180.0746794677103,160.7211453232523,65.50540421627828,84.8892972671476,86.09771245613068,62.91605957725807
58,Duplodnaviria,175.89861731818914,176.89861731818917,210.762471508043,3.569287896867633,156.44830443010397,156.95166564531388,71.97057218988631,64.81239203586262,68.44585481213632,67.56873892613793
59,Duplodnaviria,208.01640997579295,209.01640997579295,242.83533688454665,4.249809793594997,183.2258578422578,183.8216627685845,81.36536218058701,77.05198315718411,81.54436580339926,78.90449050971566
60,Duplodnaviria,211.07547602950586,212.07547602950586,242.99301710493293,4.32366208531739,187.40423816700977,187.26033229644173,79.96039214515153,83.40568993596654,82.45156795810375,80.86665471877392
61,Duplodnaviria,193.67466856874395,194.67466856874393,242.35196388667137,3.722294709042373,174.2231189730086,171.0659747015385,84.46872844020322,66.33397132752052,71.82503455462631,77.85548831665415
62,Duplodnaviria,450.16179261368245,451.16179261368245,551.1877650861794,8.525379160075905,403.54242438755614,398.6282787091036,187.67841518890128,162.4038008317296,166.05277978771758,183.0617291637056
63,Duplodnaviria,217.16994178265972,218.16994178265966,244.472527186764,4.894760972184515,197.9980670435223,185.37530288023555,76.77751797134546,92.77493014721067,93.32524036536876,72.01820468378632
64,Duplodnaviria,203.3211202322701,204.3211202322701,228.1456890195322,4.620129216995483,186.31334994592993,170.49601452010901,70.62788011849184,88.21477660627676,87.68194702461024,66.69003827695066
65,Duplodnaviria,204.6345953428128,205.6345953428128,235.42457683219578,4.233145262370691,182.6353893780433,180.18922159608857,77.60934523200373,80.76750800395259,80.88168568255479,75.92013842925068
66,Duplodnaviria,222.73762480894564,223.73762480894564,249.88684859684736,5.049183965744679,203.52817434858366,188.58638274136393,77.99104688050468,96.22150329597078,96.15372321621709,72.81515518209821
67,Duplodnaviria,187.4458364117164,188.4458364117164,180.98501357887122,3.7686683078424723,151.0376815313932,150.76491313293073,55.59215822280227,60.505658438887984,71.19097220383286,69.01697150690238
68,Duplodnaviria,348.4049934748335,349.40499347483353,410.4302578201731,6.756098858034717,312.19753657611534,309.5365294672162,138.84529012689077,132.33290521914984,130.18655028847343,138.7504243482732
69,Duplodnaviria,207.33480303813545,208.33480303813545,238.1420644409309,4.2808058558570865,185.2056200909051,186.10966207884871,79.61613571434835,82.52554271040067,81.68798352326452,78.3708773092931
70,Duplodnaviria,393.21213010211915,394.21213010211915,464.06290685777003,7.53227435463942,349.9902751704997,348.563802546761,156.38776134537753,146.54086497855718,145.52202384683648,158.3615236338874
71,Duplodnaviria,195.33571229121162,196.3357122912116,222.4362296106716,4.438941064505093,179.44473265378144,166.85467881032397,70.31902400343375,84.65256707800091,84.43889002800938,63.833635681104965
72,Duplodnaviria,241.45509723229742,242.45509723229742,275.9633096404753,4.955299121166155,213.7322751858316,213.2609927480843,90.468003914955,94.74321395170242,94.81480529982127,91.84061273323904
73,Duplodnaviria,394.5449627308116,395.5449627308116,488.7152898448319,6.900223256983866,357.96426333493287,341.18883150325877,167.16745494985585,139.8364346991867,133.11790269538542,168.96167848770494
74,Duplodnaviria,380.76396101240675,381.76396101240675,414.40280943355657,8.63899919173758,345.66714698376427,307.0464308733159,122.34113015105947,164.5811729401304,164.95489129068037,122.02651996634678
75,Duplodnaviria,217.7164137147381,218.7164137147381,242.81959066832377,4.72347572353446,194.9590280968128,185.68387754955282,76.2013666472271,90.09576138208361,89.74196056204171,76.95062186220305
76,Duplodnaviria,363.98904753302,364.98904753302,467.846790722587,6.313046151570297,329.01932809549436,303.6847027085574,161.53480295524253,113.49008689147924,123.08932762568045,155.071156028071
77,Duplodnaviria,459.08147658128564,460.08147658128564,562.3012734898942,8.752191938313421,410.6195799370212,408.30963329176734,191.7467502832173,165.71474419644534,170.82399327674867,186.24733702053896
78,Duplodnaviria,177.77941276868486,178.77941276868486,223.6909989262327,3.3258648019735024,159.55716795421432,153.4886529882401,77.7548937661127,58.925955559038506,63.85190192359994,72.85147622258695
79,Duplodnaviria,211.51382589160562,212.51382589160562,240.71501983814474,4.812296609539387,195.91579031225947,179.26263290798147,75.60377862322214,92.91826468801796,91.47346229680264,68.95836112381994
80,Duplodnaviria,362.13234910208047,363.13234910208047,429.1163588540542,7.043346498951715,323.88592535005426,322.002808085011,145.26104214653435,136.41666078784326,136.1836498698449,143.69501353568822
81,Duplodnaviria,204.8507596015242,205.8507596015242,257.97616063834516,3.9088176582425302,186.11085064176137,181.6734736092338,89.63518527379003,72.70832442907934,75.30525616322934,83.02940277785652
82,Duplodnaviria,200.11081735471225,201.11081735471225,243.04363127284773,3.761640208968033,178.97434924792327,175.2476240907062,83.19107496262332,71.46386931520215,71.86184304434214,82.2368539847535
83,Duplodnaviria,301.1881983964543,302.18819839645425,355.8528844564519,6.08414066798778,269.8813080066487,270.33143990783225,119.68392762255729,116.71470969261601,117.40855482509811,116.27254432033921
84,Duplodnaviria,411.42999043333907,412.42999043333907,486.2507235087575,7.825676222450148,365.62278538600816,364.0818981307228,163.6121075713072,152.8553071630411,151.28004776340865,166.7198327030003
85,Duplodnaviria,241.0413861617528,242.0413861617528,274.88536324834865,4.947179769867011,213.47379298267816,213.23802986367014,90.32966168680505,94.51324219720034,94.59649416266434,91.66282694363001
86,Duplodnaviria,207.6369091331522,208.63690913315213,251.99386164089069,4.124171096684317,184.3014163298572,183.9310443382949,86.24330067549967,73.57363878961606,79.49850985839109,80.97092485938889
87,Duplodnaviria,220.89517612066666,221.89517612066666,247.2457292024093,4.825255127349622,198.54288677697252,189.0044514776407,78.3047710495195,91.61668930365676,91.89103731357244,77.23099029069787
88,Duplodnaviria,238.02429095243812,239.02429095243812,265.1278884481775,5.342811405728783,214.35903997594355,199.71920991330546,81.73446702900318,100.22455318449627,101.89340468216723,78.97962160543514
89,Duplodnaviria,201.85998485659752,202.85998485659752,256.03321566105535,3.7888339158295397,182.23897761027033,176.6331248511231,89.09795070945464,67.9064648958418,73.16972982774838,82.49284542874668
90,Duplodnaviria,220.4533928767268,221.4533928767268,261.0367417731258,4.14685067205889,196.5768584425674,195.7233316195179,87.76714244545273,83.71477790213778,78.94273186327253,91.20324348068456
91,Duplodnaviria,279.2053343448072,280.2053343448073,346.2647375765803,5.019935450673124,250.486163748586,240.28575802534763,118.76887746450731,94.87702821177825,96.82702416319474,117.21216310858253
92,Duplodnaviria,207.1280058999253,208.1280058999253,242.61772809934203,4.041202423196009,182.85385461757954,183.59739139681517,81.87940460415663,77.19541324709137,77.10990231714703,83.13662723933234
93,Duplodnaviria,477.5597956964896,478.5597956964896,542.2141828799844,10.037350140572215,428.3193865944879,416.2837197848589,175.17939493319315,192.7308674981792,193.67307601787348,173.91595940874578
94,Duplodnaviria,220.34167118881444,221.34167118881444,252.4297866611544,4.417350814999868,195.04067480447213,194.5279134643531,82.92157101702317,86.14212698771836,84.13512831206677,86.15623949903716
95,Duplodnaviria,239.00462090780144,240.00462090780144,278.1314961145373,4.844961514164348,210.34140744336491,209.85431516539018,93.29597784002618,87.74655156691068,93.19444653326407,91.04860138430617
96,Duplodnaviria,388.14895044758583,389.14895044758583,451.8454244240411,7.663215053974743,344.8513176326708,343.7837744458156,151.21716986754444,147.64808448636205,147.9759011474828,152.2026153511336
97,Duplodnaviria,214.27354010612527,215.27354010612527,246.00882490055153,4.772321497642623,196.00910012545836,186.18784087280085,79.1448543135755,90.61560431866862,91.14737104201593,72.30619976804036
98,Duplodnaviria,221.0553827885752,222.0553827885752,259.14977787132284,4.468579403000292,196.55355345752946,196.98764013922752,87.30091231648923,83.94275330090646,85.71591135791685,85.1996765535672
99,Duplodnaviria,368.1762293348415,369.1762293348415,472.76790101119894,6.395464761295691,332.45827840354525,307.4554455913303,163.06467248171572,114.97153717035347,124.77472416402519,156.5451361214957
100,Monodnaviria,52.10527197707182,53.10527197707181,59.2769835823155,1.0597690149109624,44.69378378266569,43.90299908408557,19.910761770626195,18.2274027201162,18.602814304632293,20.925542275621
101,Monodnaviria,33.99938181786558,34.99938181786559,38.10611577701923,0.7389730459786918,28.029476868511644,27.826586007401236,13.0784346490463,10.468720626917273,12.566451049664305,12.971872249669268
102,Monodnaviria,53.47766598693303,54.47766598693302,60.43171206103005,1.1462102204800526,46.197600898844875,45.612028947680834,20.315061061521885,19.707946128750795,20.44434679842628,20.04905926224561
103,Monodnaviria,57.73757170006819,58.73757170006819,64.63457273177536,1.17277352205841,48.28193667237065,47.428840171471926,21.61927850521015,18.471906083795613,20.905311331705846,22.635843888493916
104,Monodnaviria,44.341185893994705,45.341185893994705,49.6729087515226,0.9630532307657828,37.114112536879574,37.49884547747569,16.65861334985234,15.16494860470517,16.888503324932874,16.495342621724912
105,Monodnaviria,89.16522091526902,90.16522091526902,107.63858102732887,1.7603980165422455,78.47742399628429,77.52885167917897,36.99960026160954,31.09903044118254,32.56279224143077,35.925747823063276
106,Monodnaviria,54.51214716042532,55.51214716042532,62.006254011904865,1.093988777720528,46.50225483444763,45.47964274668697,20.917508862351294,18.311049164822983,19.274049796366203,21.854598779861576
107,Monodnaviria,62.57375791630017,63.57375791630017,78.85180830644948,1.26976836990039,59.08216330287859,58.131248173870574,28.55351081958615,25.459411949894292,22.875494044690736,25.1716406753342
108,Monodnaviria,87.89012334766358,88.89012334766358,108.08212405781612,1.676965979744088,78.20848810164215,75.17548836980588,37.43759887595665,29.648499253319866,30.895981758194445,36.27702133851353
109,Monodnaviria,33.931780329580754,34.931780329580754,39.914921089908546,0.746216271403751,28.972557269783454,28.357807542139724,13.97711026471906,11.307065754403638,12.712393100791209,12.880586969526455
110,Monodnaviria,44.00919280220762,45.00919280220762,49.498743759948916,0.9599203390421863,36.988419166363244,37.20022091906411,16.575548675435325,15.245125693514892,16.84842023929128,16.4747386001971
111,Monodnaviria,42.7070271217648,43.707027121764796,52.796696127520576,0.8940958521132404,38.52621339146322,37.6339693373257,19.252554685706194,15.100126990731026,15.614084679240099,16.653765729297355
112,Monodnaviria,33.43934917916973,34.43934917916973,39.58998436726777,0.7309997798275574,28.520845002084968,28.563718617509345,13.67166963809245,10.960150197151357,12.470536125111739,12.93519019713225
113,Monodnaviria,56.07959594677034,57.07959594677034,59.881567992438896,1.188055144039492,46.53291065673392,46.634283196446994,19.148419699485526,19.843449222991076,21.10476351112153,21.299071798156167
114,Monodnaviria,86.42744981600862,87.42744981600862,93.96623208547219,1.9368452039260713,74.92381487402257,72.71798464998261,29.302698886154616,34.0717763371089,35.813924119401676,29.880989028746466
115,Monodnaviria,43.95916748221552,44.95916748221552,49.49622979341451,0.9573151602097145,36.866391726676376,37.4830134138865,16.60695040333946,15.250238379594634,16.81371353222572,16.429750520988396
116,Monodnaviria,53.56300147891561,54.5630014789156,61.8609990519018,1.1035638984370923,46.381263910733175,46.144983642211216,20.69729022126275,19.386985109409423,19.524710704451408,21.453450554988017
117,Monodnaviria,44.2172610229748,45.2172610229748,49.589782692562586,0.9613653215294611,37.042776562749054,37.31563644763464,16.612043002569262,15.246777291624289,16.877110550315866,16.484668676291687
118,Monodnaviria,54.40782375296134,55.40782375296134,59.34860926261607,1.1200066958105943,45.01514975906558,44.86781735540799,19.574521375575873,18.207532383433417,19.796770742487215,21.30130167289463
119,Monodnaviria,47.680420769851416,48.680420769851416,50.159924149812205,1.0489848362580332,39.15636420383371,39.109088276482254,16.285299611490476,16.606730022219907,18.52759853387951,17.330318843370495
120,Monodnaviria,63.27208518861351,64.2720851886135,75.680006047421,1.2747730964518849,57.64541961880189,58.24397868585514,25.987584199652183,26.39416441352845,22.716995596471257,26.07589599775989
121,Monodnaviria,53.59329012005041,54.5932901200504,59.93836108170082,1.1093445362009946,45.17215799487103,44.70097407518878,20.19039268143091,17.86551734386691,19.7402896570999,20.80882187202123
122,Monodnaviria,54.86779317156037,55.86779317156037,60.617733231053606,1.1223061536803485,45.73065448061776,44.72233227574679,20.042832900370684,17.60743019697973,19.91352830113556,21.456483009069935
123,Monodnaviria,85.6798727693391,86.67987276933907,95.23986074134969,1.8776221529489319,74.99699776054989,74.80931931488155,30.808671528371878,34.53287763730114,34.56587652562553,31.08188169259446
124,Monodnaviria,50.96927693597984,51.969276935979835,57.371080477707736,1.0291188837910072,44.009797661629314,43.619648357945515,19.389695948513257,18.59361808344028,17.874095676926025,20.748246119353958
125,Monodnaviria,53.3208578192652,54.3208578192652,60.33763146318154,1.1440472299623097,46.17063502786937,45.52405549736542,20.3232534266781,19.752940222089272,20.40898154092642,19.95202725064567
126,Monodnaviria,53.16306594846115,54.16306594846115,60.31154740925063,1.1431809935879622,46.02633688265536,45.620162300280754,20.276398919973474,19.729790275324465,20.393703573170875,20.054522678935555
127,Monodnaviria,53.882920238285784,54.882920238285784,60.052345689344286,1.1543089729192617,45.445142821131675,45.59582836238336,20.064205232010206,18.64201468113479,20.6918364948862,20.209296017092903
128,Monodnaviria,87.9792538112697,88.9792538112697,107.95190422500225,1.674481259553655,78.16635200822282,75.47205229556828,37.324429267876475,29.72066527959676,30.886937828237023,36.22709323741949
129,Monodnaviria,75.33729927785068,76.33729927785068,83.80963231331653,1.5113339130009167,64.33122988713218,64.64796889128166,27.76746714313415,26.810293865609367,27.41154367789121,29.970663653401704
130,Monodnaviria,44.38488862137046,45.38488862137046,53.11634895020891,0.9788849923514407,39.255633797428054,38.77585540983184,18.633853873217237,16.40150048747513,17.31442110573766,16.430977697212576
131,Monodnaviria,53.79131059232719,54.791310592327186,60.214734074538896,1.090246845031662,45.31027532108443,44.7736406709566,20.142295911415104,17.973453868133323,19.20360652379878,21.461746181046102
132,Monodnaviria,54.57195951702574,55.57195951702574,61.71041107752248,1.1030602323368082,46.060341491142765,46.04211997511933,20.54353736342549,18.738030595852972,19.444578387856826,21.712663174586254
133,Monodnaviria,63.0012661207563,64.0012661207563,72.69956186582517,1.418843318007733,58.44961797455762,57.22695218531277,24.414892310852558,28.21882939465886,25.448746121426957,22.47971519640621
134,Monodnaviria,67.42332482049821,68.42332482049821,85.62631361788921,1.428645525729427,63.6053086851228,63.36387364085384,30.963816273572945,27.046019089547038,26.186727475330635,25.729816788212666
135,Monodnaviria,53.92799060677393,54.927990606773946,61.708170472183696,1.1013849978372359,46.37716054308008,45.42170904656779,20.611271835540606,18.930555925453046,19.428125820291026,21.416347760456546
136,Monodnaviria,53.95884977428892,54.958849774288915,61.76990186018859,1.1087439621736208,46.39295218334272,45.91994596772872,20.74116638369625,18.992135534521584,19.57487022038039,21.48598809790836
137,Monodnaviria,71.90853133565537,72.90853133565537,85.97061492944546,1.4536675782866089,65.38597030875124,65.62015887177033,29.401766098555562,29.377215640540825,26.27039228860386,29.350382898882167
138,Monodnaviria,62.43511089043683,63.43511089043683,78.79300117037144,1.2667656110002754,56.79468361838625,56.17543279719857,28.111790492757944,23.12564761963373,22.95544047965072,24.755766876339784
139,Monodnaviria,53.79437688311955,54.79437688311955,60.44122387196966,1.151150546699905,46.138981950180536,45.66302787757111,20.24980898668869,19.53861520305457,20.510525154578065,20.398627603517088
140,Monodnaviria,52.57801190620685,53.57801190620685,60.912486270426164,1.0838866480390514,46.00875087805782,45.56091809443062,20.517676421582124,19.23093985782045,19.094601434976465,20.758450046839478
141,Monodnaviria,34.607690210695814,35.60769021069582,40.83091351468376,0.7611416559535668,29.438208947657895,28.972360326147964,14.184849486240976,11.43323489194787,13.046774015571268,13.091116797479344
142,Monodnaviria,43.643886063587495,44.6438860635875,53.56296905917951,0.8801690245960777,39.611754904678826,39.090697262959715,18.91615569444146,16.804098486021264,15.117196461717757,18.220290682900384
143,Monodnaviria,70.87561974463428,71.87561974463428,82.91310858422231,1.4059393516479548,60.78709109554699,60.12840239105946,28.20598092739601,23.95180180523762,25.504207893295202,28.594470938814364
144,Monodnaviria,54.341865873959,55.341865873959,61.13700912532594,1.1620009173270758,46.614752757882876,45.9408934415802,20.58032799605122,19.331745506795272,20.776133657719793,20.549921607669127
145,Monodnaviria,71.71654396576392,72.71654396576392,82.14297574567429,1.4398376047221255,62.36646425492636,62.71418309169875,27.20998650336455,27.048332016129557,25.955622352455997,29.087785439612784
146,Monodnaviria,55.01292411653498,56.01292411653498,62.45300296206307,1.106574240035204,46.73786310877568,45.86566097691255,20.960141608752775,18.482857536915322,19.53955086514414,21.831526508860204
147,Monodnaviria,75.36055112390291,76.36055112390291,83.41263684042023,1.510086350594089,64.36266671786572,64.1115095273625,27.5147644301484,26.834197758063752,27.362019170374733,29.768416358650644
148,Monodnaviria,86.6055158355346,87.6055158355346,102.07718793487895,1.720744750101789,75.02993807400107,74.27399799329301,34.678772890728624,29.424107530118874,31.831655077677148,34.42934539197638
149,Monodnaviria,52.69059966391464,53.69059966391464,60.209179883067094,1.1381091606902562,45.861323060561055,45.38924381873979,20.283977262891828,19.908913109402455,20.314541156277865,19.9630066560337
150,Monodnaviria,54.252709524799094,55.252709524799094,62.98699748868131,1.0720871703112098,46.540379226183695,45.25876063343977,21.20347471129358,18.138638492818124,18.80345084505851,22.16513239179621
151,Monodnaviria,37.79355601861705,38.79355601861705,44.49485584405368,0.780798560414818,32.93361458603546,32.24990604375537,15.82787047404698,13.210806577218273,13.197480998512198,15.113863100513074
152,Monodnaviria,54.871730874843664,55.871730874843664,62.18921305191477,1.139659218163275,46.716848181183366,46.23934465961355,20.957066336322786,18.772710050934943,20.2939998049293,21.189455843503634
153,Monodnaviria,53.59614888196514,54.596148881965135,60.94571106455962,1.0985866214517475,46.160648279369966,46.03391838009149,20.645195001866842,19.28393377651847,19.408523299227205,21.316906951771514
154,Monodnaviria,72.44067947637723,73.44067947637721,86.18178036645779,1.4176306879391523,63.602864942806534,62.68584137055878,29.454978525824117,25.861580573590913,25.645156918656436,29.626352160695994
155,Monodnaviria,54.976073455658415,55.976073455658415,62.511965792716154,1.102735303866124,46.79063233696181,45.761215984376776,20.953035426395424,18.40306454982148,19.44493373103306,21.870226692074052
156,Monodnaviria,63.28797732310463,64.28797732310463,75.86399944872556,1.2835953159415099,54.753691707117035,54.0790185547341,26.28281965873626,20.681313223653767,23.366420205181228,24.93253919258685
157,Monodnaviria,52.985568670627586,53.985568670627586,60.26362163795679,1.1410581856605566,46.00514663066093,45.6328667618951,20.314402165106557,19.75690683786504,20.3483455614012,19.93465814658053
158,Monodnaviria,54.604221867826325,55.604221867826325,61.8681607449663,1.0950256158344118,46.58131777430158,45.526807437502974,20.935622681878854,18.26775747199964,19.279566030095772,21.861297107648433
159,Monodnaviria,43.9780711384408,44.9780711384408,49.63405936299763,0.9568923188039976,36.86249593238564,37.37923585320232,16.716099929286315,15.262418183417553,16.804256400247517,16.457490916298635
160,Monodnaviria,54.22749421270091,55.22749421270091,61.8396422035775,1.1061062961527084,46.27403854708518,45.8140826409857,20.731064336965098,19.01454652323865,19.53189142447175,21.56142518187277
161,Monodnaviria,75.6146683918938,76.6146683918938,86.51586690756183,1.447191190247444,65.35345010863256,64.36947002374231,28.88584782312335,26.488748850230873,26.003196008855397,31.431156051863717
162,Monodnaviria,87.94623376681994,88.94623376681994,108.06165219692157,1.6762193708207893,78.3671104288919,75.4720590081675,37.35434945617222,29.728661958843038,30.962096439013035,36.285639982322714
163,Monodnaviria,57.12361180892184,58.12361180892184,65.66341061598969,1.1493498879322603,48.24588289116312,48.00225708793902,22.278468508819948,18.614509256337065,20.51592535937561,23.096005371356686
164,Monodnaviria,47.40509282107819,48.40509282107819,50.92598142652926,1.0417529469967723,39.46718374900559,39.44492576756048,16.41190410624454,16.890361342874954,18.379488279427235,17.393753648866323
165,Monodnaviria,53.63560510525321,54.63560510525323,60.425398729679095,1.0863022433833185,45.319295819852194,44.741530815129785,20.252696465043893,17.91487038462199,19.137719554380205,21.517735079064003
166,Monodnaviria,54.325359554345006,55.32535955434501,61.91085909400224,1.0975879240782884,46.246851188055366,45.77765748993551,20.91330993381796,18.36931070141104,19.38503008059777,21.941883592277417
167,Monodnaviria,41.53030459370741,42.53030459370741,49.09247809404394,0.884030125984333,37.284484308792706,36.98083307506874,17.39056965706192,16.07936995805889,15.184115267317203,16.24263845240214
168,Monodnaviria,55.68630711360996,56.686307113609956,62.97487198158515,1.1520679623194845,46.30571090394508,46.16412576845547,21.16847782124917,17.481564552455943,20.70664301904831,21.361820139776274
169,Monodnaviria,31.353787469743505,32.35378746974351,35.72863251938761,0.7350284758222067,26.467478338690043,26.79516030980944,12.223208125980337,11.185800463885059,12.563593128253457,11.139437787677501
170,Monodnaviria,85.70421455558127,86.70421455558127,102.35784703950385,1.6678986067242536,74.74961970976798,72.92152619022775,35.30988672549008,28.398160911246993,30.790282733300145,34.477330157471435
171,Monodnaviria,53.26992359137428,54.26992359137428,59.2996557645782,1.1019455491580392,44.549573215094384,44.27499607896898,19.800557693628377,17.616293955599144,19.54604295654746,20.654252567308397
172,Monodnaviria,54.189656954974026,55.18965695497401,61.30890977435141,1.0789788652140984,46.624093590011114,45.90866348920492,20.554019163788006,19.088947905244982,18.883673258052053,21.922341629777964
173,Monodnaviria,33.14638294805203,34.14638294805203,38.10249757553544,0.6948669970538183,27.7524628709307,26.490680435731104,13.16002508775979,9.951449322256964,11.567228817970333,13.051987218418164
174,Monodnaviria,53.950648430551524,54.950648430551524,59.48169690107002,1.126821210802233,45.840662472461496,45.51027571223578,19.65820235525498,19.54108140089393,19.91556065198328,20.899978298329994
175,Monodnaviria,47.487089490438365,48.48708949043837,53.47589637595181,1.0388815610298217,41.893133299289595,41.790882863316,18.050794442913176,19.20549185676069,18.197811254053473,18.098212874934962
176,Monodnaviria,71.60550419964194,72.60550419964194,84.59835410645535,1.407250351831644,63.20801501120794,62.33193147861853,29.030670839017482,25.451408133889856,25.492499581799784,29.161627148582923
177,Monodnaviria,54.86419491242332,55.864194912423315,62.154295591825765,1.139858177913429,46.74520411992578,46.40628277659723,21.072972759217784,18.909064483942174,20.271599743798095,21.204419556965195
178,Monodnaviria,54.96236151533536,55.96236151533536,62.46147973191873,1.1002636584470107,46.73492854631021,45.74611107139131,20.954555249615304,18.43906062623579,19.39084072211262,21.93271089605098
179,Monodnaviria,54.52643213776176,55.52643213776176,61.80902829377757,1.1104813071123818,46.362666831049694,46.17262778185799,20.791295491840707,18.638905232905255,19.644894518193745,21.832501317779133
180,Monodnaviria,44.06965000536806,45.06965000536806,49.562683638940584,0.9557525122791841,37.03798289156563,37.4720177672482,16.619308574165746,15.267304301574764,16.749874140751487,16.418052170968057
181,Monodnaviria,53.55870535706346,54.55870535706346,61.20907635585169,1.1115140834921557,46.2690106172847,45.87964131211637,20.817968172732314,19.16305146176044,19.711935921945013,21.195797515893858
182,Monodnaviria,47.24235251292336,48.24235251292336,50.85924892469474,1.0412396612929478,39.5591967402777,39.00927796557517,16.514930197685203,16.8498784397097,18.420860917563903,17.10053299090108
183,Monodnaviria,43.9222323983816,44.9222323983816,49.70308589722943,0.9566663354727687,36.86901221354463,37.40628718776915,16.74498259747779,15.257428923528092,16.80869922930458,16.468864179833094
184,Monodnaviria,54.32057361096795,55.320573610967934,61.437219548348295,1.114450585395333,45.880861702877596,46.024123370822906,20.68202189531596,18.598602664012308,19.747043729479618,21.55316431697081
185,Monodnaviria,67.25330912919637,68.25330912919637,75.83175041370552,1.3095973440565225,57.05345968544801,55.588574607850276,25.5957767101404,21.67502116578861,23.38498249878889,27.306725851237605
186,Monodnaviria,54.07389111418533,55.07389111418533,62.17473830808634,1.0934323769945096,46.334774661964296,46.03910323875014,20.89546946966608,18.6770249617321,19.277880840172227,21.895946192221274
187,Monodnaviria,73.58530952303188,74.58530952303188,80.44701530759754,1.51304663824497,62.42517592411766,62.94989795532213,25.673274834396555,27.064193083855145,27.337542704787328,28.983374361574473
188,Monodnaviria,54.366321999240796,55.366321999240796,61.69178373492583,1.1098680430302568,46.347302949519886,46.24055640391099,20.719676715851342,18.94521693171131,19.685130363105852,21.41371861409105
189,Monodnaviria,33.35157001053767,34.35157001053767,39.460057784954664,0.7323124989431093,28.374106080069463,28.300071127579642,13.724412096748008,10.82690331401278,12.413508609669329,12.94728974458329
190,Monodnaviria,85.55892472523111,86.55892472523111,102.05353312358987,1.6090416039059061,75.24732424509543,72.89255396547243,34.75028710702559,29.355551004279633,29.365555294698765,35.702290270699116
191,Monodnaviria,54.65542426727817,55.65542426727818,61.22206803714429,1.122089139704132,46.46817528280569,46.16060543433998,20.629959712039156,19.03086813759837,19.817909548916152,21.63417648796064
192,Monodnaviria,75.9420233955781,76.9420233955781,88.09515195873206,1.483502204802214,65.67068190038268,65.7321446266396,29.641397424612865,27.24581776237332,26.786598773531733,30.872243722073037
193,Monodnaviria,53.277767309563714,54.277767309563714,60.57066967089956,1.1267497437120229,45.91273455254981,45.558817266480965,20.22196242465299,19.462276529192884,20.060650781480554,20.538814049396358
194,Monodnaviria,89.50184441426535,90.50184441426535,106.05388544556983,1.7699266951096884,78.42197657357968,77.36218377305006,36.54444489351345,30.996403626880262,32.66753596078303,35.74108322693835
195,Monodnaviria,70.43932435865601,71.43932435865601,86.78366575349837,1.4311952469988252,64.01213637818829,63.62859910994197,30.579650594653625,26.784256167815084,26.102250239048626,28.243632512013075
196,Monodnaviria,54.52020581538953,55.52020581538953,62.10267000031428,1.1109574997209832,46.44822475036599,45.84381297338429,20.98124551642392,18.765418793665308,19.685415714530638,21.671266201550566
197,Monodnaviria,53.76508967907502,54.76508967907502,60.016710994059544,1.1516239833498618,45.96668446520172,45.79521437039084,19.984474607581003,19.55657289304269,20.51877554314897,20.240869493031415
198,Monodnaviria,54.63210764252774,55.63210764252774,61.944413372444394,1.1354386069691405,46.69839791012492,46.71759283108301,20.997748529140043,18.891271731753466,20.246262317336974,21.28887935094009
199,Monodnaviria,54.47636718403374,55.47636718403374,61.50364023364508,1.15156273454875,46.1310731947167,46.42300678343404,20.53182640833883,19.16318211896215,20.568469563412847,21.10160801495733
200,Riboviria,19.64516740625197,20.64516740625197,21.36468378584701,0.488840249970239,16.196544645035107,16.093689273339216,7.074046805803393,7.336035091393255,7.5411321307313655,7.132999351417582
201,Riboviria,19.69018671157181,20.69018671157181,21.689214882685086,0.4825746472453698,16.27082167352796,15.986072617514434,7.14914987310973,7.34770538797347,7.432669074931428,7.022817346111638
202,Riboviria,57.37257990854511,58.37257990854511,64.66055468994689,1.1923425824274192,50.055672946454855,49.83105025027649,21.254804123635626,22.41251135295473,21.116897975814766,22.73628169897874
203,Riboviria,179.59298901849786,180.59298901849786,207.5750314471941,3.3280706294485425,153.14464044492797,148.3646657728088,69.44275778168725,55.6223418212122,63.29653738119708,73.1341628731434
204,Riboviria,104.15243107533837,105.15243107533837,123.12529656397624,2.2171899170091676,91.05035654171601,92.20507730256134,41.76626519517777,37.70999486602866,41.89350317630975,38.501602799097704
205,Riboviria,30.506013208769833,31.506013208769833,34.95356852215239,0.6839356996785293,25.369801351423188,25.498383182679515,11.931204300656608,9.793427643366899,11.508613985045251,11.166744285295955
206,Riboviria,82.39583561097037,83.39583561097037,97.03874945310584,1.7147082732318797,73.05816969609135,73.29255722185083,33.48327104768998,31.047981090441834,31.669953755979513,31.580453283368634
207,Riboviria,113.55205554045027,114.55205554045027,139.08613573640437,2.1578136444025873,99.99284326431842,97.26682984811126,47.9615978028462,37.795029253764845,40.5563338391835,46.37056189752403
208,Riboviria,57.77516116995118,58.77516116995118,64.5948745227031,1.2047688596362538,50.1622765941892,50.20466917269368,21.243414007954666,22.581559978124922,21.34398627342085,22.83574748753382
209,Riboviria,27.670257207547525,28.670257207547525,30.793013622766512,0.6501826352460582,24.449068216086864,24.664814811462943,10.222243626778338,12.138101401039103,10.545478495614567,10.440204327723999
210,Riboviria,41.19465754009939,42.19465754009939,50.3692305959621,0.880072430570888,36.50491185319832,36.642206309353654,18.018466400734475,14.452929051269782,15.407519931492489,16.07491662819824
211,Riboviria,84.22835998551271,85.22835998551271,101.42963280548925,1.735554509372221,75.73089350321378,76.04431847511816,35.18823616864216,32.27419463246887,32.08808601774262,32.72086596181761
212,Riboviria,19.880813422118482,20.880813422118482,21.425189482175295,0.4904770156237182,16.35241877958599,16.179736554260383,7.265841620083566,7.3070119399115105,7.580155659529243,7.077725011727302
213,Riboviria,57.36782915730831,58.36782915730831,64.53665380940065,1.194519723404562,49.86803865619996,49.821739537561164,21.180865350751006,22.444814636435545,21.115443848495765,22.84615961747056
214,Riboviria,33.33703838883449,34.33703838883449,40.022488813180466,0.6806273522107732,28.73841343662299,27.036428906803945,14.112432204761992,10.045183340168832,11.26493293930549,13.614486463656975
215,Riboviria,21.264691851160872,22.264691851160872,22.759736567867296,0.5231489597327331,17.263225139162962,17.429877467401848,7.495689194543149,8.032102915241682,8.20462244679352,7.608904321941691
216,Riboviria,65.95777630502906,66.95777630502904,79.78350018678805,1.345756636246003,60.121214686820515,60.39052761290184,27.86289722718609,26.57264594997968,24.240558469041453,26.57863610372945
217,Riboviria,98.73754392399294,99.73754392399294,123.67598223672847,2.0981648222111935,89.03933992102202,91.07054601198543,43.501719408830226,37.265152690061065,39.71995722180894,37.27683454039714
218,Riboviria,61.34858154990813,62.34858154990812,71.97395408571116,1.2186272282727295,53.142610291538055,52.198350007530784,24.7180318635009,20.836223716605495,21.880747427035928,24.767467024586853
219,Riboviria,118.40683875668432,119.40683875668432,151.64161202273885,2.2440537879196,108.39831159617496,104.56977932748471,53.637275700748326,41.10311599511386,42.49915124037298,48.407342725087545
220,Riboviria,38.45779666299015,39.45779666299014,43.70982550549753,0.8223208519196773,32.383409942429424,32.48826153037466,14.958636633422023,13.238742241568174,14.102722921624066,14.840236750569465
221,Riboviria,35.47813629389451,36.47813629389451,40.55483761488616,0.7915061702559554,29.32767183178129,29.460167503023914,13.986475790446438,10.826826682859272,13.767698192889089,12.810280355043401
222,Riboviria,46.204446445575186,47.204446445575186,57.569964340408774,1.0022361040245134,41.49813189109246,41.623440281542486,20.526444668816662,16.87531240985053,17.89943967050952,17.68785601064221
223,Riboviria,108.63043389703368,109.63043389703368,128.92993092687567,2.176550129910294,95.90482366157643,96.00216171501744,44.07155656590835,40.175427875309964,40.730856935466385,42.82713108036843
224,Riboviria,29.733992264094766,30.733992264094766,34.58128579141112,0.6719279504875508,25.508803552929102,25.233144651651504,11.894796969919911,10.410435487370851,11.246965865553781,10.982510645733871
225,Riboviria,57.357968322368016,58.357968322368016,64.38511514062095,1.1951520049834394,50.180408597150674,49.73963435296939,21.22654602694479,22.598055607163083,21.09995873891906,22.866144333441877
226,Riboviria,38.0733227374939,39.0733227374939,44.79742177014622,0.8264845519945385,32.931708583658875,33.09290181005986,15.668546224215438,13.256692756130732,14.26233843704776,14.79700602776842
227,Riboviria,120.00578159123307,121.00578159123307,145.59281403529323,2.428416361987672,108.42769932782464,108.53886296451266,50.0848028797652,46.45623614146223,45.76325423408541,47.227371973235726
228,Riboviria,71.73032980240208,72.73032980240207,86.76136483581475,1.4719348253387285,64.48853593621166,64.59489759366232,30.34656832780084,27.341858817867738,26.901103753219964,28.053376329222264
229,Riboviria,32.07389162992886,33.07389162992886,39.27626447498991,0.7683599009405814,27.229014201017733,28.65795616534448,13.911055514668714,10.855130042637514,13.49262450121154,11.013028470722743
230,Riboviria,98.86204724672284,99.86204724672287,123.70889092706685,2.0978743619862814,89.1838373635428,90.75750746729338,43.26046566206924,37.07839560549423,39.693468457530024,37.33884412425386
231,Riboviria,85.5876536685865,86.5876536685865,103.49440213102302,1.6759405501926488,75.0530192378142,74.58207764883976,35.53359837657503,29.939243387604353,30.920053654140684,34.98444958852716
232,Riboviria,84.09108866948104,85.09108866948104,100.97073004988198,1.7735964693208246,75.71936717062428,76.30035775813315,34.73075255185916,33.46189169135557,32.8736088247529,32.4501844476694
233,Riboviria,42.808342112197174,43.808342112197174,50.928001056231686,0.9155869107339362,36.55790031548638,36.64308981186904,17.349750916975925,13.93612891784279,16.076050638610425,16.61807355155606
234,Riboviria,107.45692270056846,108.45692270056844,125.68354686697566,2.2287905699709585,94.82113539611386,95.22856925629635,42.405744987790314,41.15236585922951,41.74637428133913,41.2825133196711
235,Riboviria,99.99911191609608,100.99911191609608,123.21961806432103,2.1338877367474973,89.41787108402755,91.12295133970176,42.69756171694279,37.14437201778255,40.37095432931113,37.63649288301964
236,Riboviria,57.4661513308668,58.466151330866815,64.37462586484403,1.1881035960755706,49.990100966861746,49.50487141243197,21.198366263700123,22.461505765749415,20.9321975634124,22.959319710365843
237,Riboviria,122.83962476207137,123.83962476207137,149.00100077265535,2.425314681861883,110.4564844731481,109.81357269240311,51.52780898277705,45.35989597291729,45.76959717096776,49.03141999243662
238,Riboviria,80.73329463385475,81.73329463385475,95.337475048204,1.65344573984868,70.56558206162518,70.27072948975376,32.48207237962072,28.612813956358472,30.546919976842258,31.703412997836352
239,Riboviria,91.91616715086101,92.91616715086101,115.31177075893044,1.918498993742354,82.42297747204113,82.65942170534183,40.55508593190508,32.349953345477424,36.216695056838134,35.04522270567142
240,Riboviria,132.50920715843492,133.50920715843492,162.79066369911607,2.5525149375444727,121.82693862834287,120.04867692037938,57.05444489080069,51.26745766988013,48.02516725075276,53.963744069249884
241,Riboviria,173.7605246407467,174.7605246407467,202.66196512318265,3.281266540631428,151.92894252617108,150.75876505953426,67.80216269812954,61.91692301126489,62.04293459718291,71.42653578267505
242,Riboviria,48.3170343197506,49.317034319750604,54.59247771176413,1.0284530794646642,41.71932288424747,41.670275700353784,18.50052422532996,17.948803743833075,18.054104586419488,18.71178593957617
243,Riboviria,170.02631943663948,171.02631943663948,193.73748038641736,3.2614822965198105,145.2373242204787,145.76297642107258,63.93782859334446,58.43808198378441,61.787217860692934,69.10337386743531
244,Riboviria,19.835623020590557,20.835623020590557,21.34128834369863,0.4858362342454356,16.390382087806564,16.27018374219204,7.101356206142925,7.385755642486747,7.449968497281455,7.017785077096842
245,Riboviria,133.19889830359875,134.19889830359875,163.42228600905455,2.577312792728104,121.28654568010151,119.44430081780233,56.92710811321154,50.15552832714288,48.59986307985799,54.01951894650893
246,Riboviria,115.5344704638736,116.5344704638736,146.53777525548404,2.216601983638738,105.81073333520413,102.7764041185409,51.70176380584688,41.12201250147864,41.890076689008424,47.01617732973893
247,Riboviria,85.15128166508217,86.15128166508217,100.61360691432324,1.7718869755392779,75.79187147820096,75.8735179648088,34.70238946135954,32.25847356600217,32.74837647461037,32.62894836672617
248,Riboviria,98.2516809343771,99.2516809343771,122.66056660382807,2.088225367792334,88.46115793177016,89.97774534490704,42.945605036152514,36.823556579154214,39.47907643967448,36.86274687111627
249,Riboviria,57.26494584155899,58.26494584155899,64.45840561011826,1.1876544439548442,49.996897205519744,49.55797399327103,21.22645554658868,22.603358011367334,20.974946204969797,22.85215955649898
250,Riboviria,39.8497484360444,40.8497484360444,47.26732719624563,0.8878476673530012,34.67488558490841,34.47562733055047,16.423524807157097,14.605478581727086,15.5044818308193,14.961584040712115
251,Riboviria,102.2420537154995,103.2420537154995,120.81333132380718,2.1959148039337033,89.74804526448857,90.538250192433,40.76734437290583,37.960357783883985,41.37542586985632,37.60485499859626
252,Riboviria,48.41734536709767,49.417345367097674,54.8117120819281,1.034072509744349,41.73332406181468,41.530958425019605,18.65912538768013,17.819136694051284,18.192335105098906,18.58945838624423
253,Riboviria,38.48654967324428,39.48654967324427,46.81955475072323,0.8749476394778981,33.485797059185884,33.671823530070895,16.25817952509689,13.67874211066802,15.390593976074584,14.141736763936812
254,Riboviria,108.20854584079432,109.20854584079432,128.9865409579454,2.1736227630952123,95.83016664996173,96.14718607371672,44.11252784020465,40.28081193809632,40.71776055489101,42.8239564920222
255,Riboviria,81.43000306800799,82.43000306800799,91.27737882235228,1.6352365982598474,69.44016717725445,68.65472640130793,30.500097472715524,28.05417696668263,29.950654427025867,32.07288410610262
256,Riboviria,97.64050306675676,98.64050306675676,118.0041091612297,1.9593316884393424,86.25419784548227,85.57285984380378,40.64308947709178,34.26370856041115,36.65036228090651,38.08125458012759
257,Riboviria,19.468550422333756,20.468550422333763,21.26730547790578,0.4873373326030886,16.196544645035107,16.160663878944195,7.092270170843959,7.359226645229184,7.497386001833837,7.073112257915335
258,Riboviria,90.39410709629276,91.39410709629276,114.46465087063079,1.8802473630604244,80.9704411904862,81.74530179012731,40.3633725140313,31.837522963850084,35.46638884900846,34.59801413034955
259,Riboviria,97.97969205055888,98.97969205055888,113.857161393707,1.959596567238612,84.81182060369768,84.61467255802759,38.53038255918414,34.12657453637767,36.395643441226795,38.759118737073855
260,Riboviria,30.079776374681426,31.079776374681426,33.11650355874654,0.6499350909064524,24.287839272489364,23.744293873534392,11.0685409673422,9.289639811278152,10.625334392606389,11.773382902480181
261,Riboviria,99.66192124709139,100.66192124709139,123.48110829878797,2.1243986680222946,89.58991373478923,91.49047886817587,42.9934873344203,37.261538057002525,40.23927495215787,37.37077729307181
262,Riboviria,40.05965462166421,41.05965462166421,46.711469563402865,0.8469895237913168,36.29065297266378,36.88509645522605,15.712633439311725,17.7507744433903,14.14992939727022,16.87470020697445
263,Riboviria,19.581878420968607,20.581878420968607,21.245591549053312,0.4879739783666017,16.15984391203732,16.123049620612434,6.989348110385914,7.386123651043471,7.510707160950794,7.028015140194187
264,Riboviria,38.528226325316034,39.528226325316034,46.738135209934505,0.8725968307931158,33.68131199788831,33.660740471391826,16.388429579100954,13.788339067158622,15.319249807866617,14.227820851176546
265,Riboviria,118.81454794476063,119.81454794476063,151.55788382814046,2.24519317608531,108.74012223847339,104.68899947432367,53.56284064873362,41.02697433107667,42.46596693838201,48.51063201224215
266,Riboviria,92.09973482469576,93.09973482469576,108.97906260209889,1.8380545723392652,79.8526089805213,80.39979751360984,36.903942164036614,32.310897706092945,34.114421994097114,36.858679011447904
267,Riboviria,105.43352730799403,106.43352730799403,126.78226204649403,2.2490747575118024,95.864084445486,96.00102903517265,43.72502236876606,42.11494777215635,42.341901673745284,39.21646244349438
268,Riboviria,57.17256057803206,58.17256057803205,64.41021034568412,1.185114315978115,49.84533743301155,49.76472390535684,21.283490864249615,22.360519842997054,20.966716004171897,22.6808426708394
269,Riboviria,33.211512260723616,34.211512260723616,40.174184567675404,0.677264642280604,28.812433425653534,27.551211130638055,14.161002254444607,10.756223320756613,11.20552560996643,13.821707457058814
270,Riboviria,19.905573350109126,20.905573350109126,21.62398295424011,0.4893341230604293,16.161259614167214,16.236931389157807,7.223189982374177,7.309710289455222,7.522805522271475,7.141199163826782
271,Riboviria,99.05813153918633,100.05813153918633,121.77869051033584,2.1053432649096364,88.66339087058947,90.43812369311999,42.38489774404491,36.71888236477302,39.813491870342524,37.36349218529652
272,Riboviria,40.689464465670426,41.68946446567042,49.312129021667566,0.8736718560264839,36.03080271901159,35.807143258566185,17.57520337038794,14.511243791644958,15.208374485400219,15.659252608812931
273,Riboviria,54.02261333244957,55.02261333244957,63.92551610724568,1.098517894810166,46.333989221856044,45.169382427173765,22.07121185991679,17.030650827541624,19.690938315146276,21.237033745134834
274,Riboviria,50.929802286154725,51.929802286154725,62.41330451434889,1.0766345457377648,44.69633913422365,44.27845599640387,21.84943038724797,17.378741492654584,19.28307712470475,19.65386292511955
275,Riboviria,44.554899935968294,45.5548999359683,49.52999675633734,0.8967502850986305,36.972293847341874,36.76778433360806,16.549359324698305,14.374341583375951,15.392124399339664,18.139696179648578
276,Riboviria,57.009448041781404,58.009448041781404,63.98375202811483,1.1934570365924413,49.82618984366623,49.7046118759596,21.03021623996749,22.566240314022124,21.08362358545184,22.59016670622026
277,Riboviria,50.99850601330849,51.9985060133085,62.453655677047735,1.0828293435170904,44.34558131622914,44.156074208134,21.624146350325606,17.09172665441047,19.468662884016226,19.636166186868568
278,Riboviria,84.10102039120443,85.10102039120443,107.40751954499048,1.6910086537610116,78.0335980997959,77.09552149784929,38.379764484989046,32.271145766018705,31.397787484223226,33.6740074101712
279,Riboviria,19.484507636716,20.484507636716,21.244823872499015,0.48815837865342426,16.196544645035107,16.24543923639785,7.138341109263639,7.359226645229184,7.497042779900921,7.073112257915335
280,Riboviria,19.277582945480443,20.277582945480443,22.580349901801455,0.48884826607330417,17.706158010166774,17.53249117834326,8.376468701024557,8.783591886741066,7.378751136181686,6.990837800745893
281,Riboviria,99.60795448985473,100.60795448985473,123.4561642824734,2.120189754177605,89.67617093694615,91.54316883196043,43.128417668835624,37.19238307682313,40.1449589432724,37.537810999165714
282,Riboviria,89.33057816184039,90.33057816184039,114.05880037738072,1.8501352445715573,80.28589597884441,80.91616959381834,40.07922145938133,31.318032472677523,34.95189768568379,34.23537390429886
283,Riboviria,57.49252021710396,58.49252021710396,64.6504001412517,1.1919333752574155,49.992555416722126,49.79241836143144,21.26430244133772,22.401644061719573,21.0595767420838,22.750298862992242
284,Riboviria,102.99328935301679,103.99328935301678,121.90337670918991,2.2099835987161107,90.58322277832474,91.33246571649467,41.08619840535861,38.38120264764669,41.696387247462184,37.91665450111055
285,Riboviria,90.84920111444507,91.84920111444505,115.00840246671639,1.8872484682112585,81.063104876276,82.25963095272628,40.293593125673965,31.52805615594483,35.62857752452063,34.82703702421523
286,Riboviria,99.95238798019025,100.95238798019025,121.88310048547359,2.0159261264963257,88.23492034267156,87.41814569906487,42.333471537349354,34.218732488269644,37.874396928433704,39.10717676203458
287,Riboviria,120.63183098133449,121.63183098133449,146.0984768405958,2.428724484211403,108.48572616197984,108.33328436208842,50.51999913769305,45.664753763729166,45.70781860651221,47.38633805713891
288,Riboviria,57.001058269021605,58.001058269021605,64.05546540444361,1.1824064649972439,49.79942743638172,49.68685082046581,21.243769426454655,22.41827964123699,20.888876853589835,22.68736394522651
289,Riboviria,92.64478545337856,93.64478545337856,116.59910703479395,1.9290110799808198,83.17215148475414,83.20712068312832,40.90673703375358,32.568229245346686,36.38918621408125,35.35203113647112
290,Riboviria,31.976638166893046,32.97663816689304,36.92184945479143,0.7223574314322839,27.77211954150214,27.40311232430658,12.714706660418821,11.818062523548717,12.148501392662883,11.746681957549843
291,Riboviria,34.46087163161319,35.460871631613195,38.58480942218777,0.7676253540376397,29.355706145570846,29.027377750321634,13.151379129020352,12.814271258183366,12.967663167909368,12.948422658023818
292,Riboviria,19.516462098128148,20.516462098128148,21.308106281959464,0.48946268193396203,16.284324687545347,16.122152026963633,7.092055818897593,7.362512922208558,7.508535481949976,7.043497627467994
293,Riboviria,108.68874857133329,109.68874857133329,134.14811468433882,2.2694535109632525,97.25810865647877,98.44162500953543,46.620645326322865,39.632364879095,43.0662379638422,41.25586478858781
294,Riboviria,71.38127052590337,72.38127052590337,86.1990023382855,1.4760928513309346,64.19835225301425,64.33845568035416,30.320262079671878,27.35755583383143,26.983624321077887,27.910027629020025
295,Riboviria,58.32696375885402,59.326963758854006,67.01792801611857,1.200303347668047,49.450018980253105,49.43148350127296,22.76634095305612,19.66513108978251,21.560973478022994,22.75763927513759
296,Riboviria,106.93076800969449,107.93076800969449,132.09329949739427,2.0470248076320794,94.59998745407692,92.17506087898508,45.928912224952086,35.64111367070767,38.424503450115324,43.60732404493598
297,Riboviria,19.456489855763937,20.456489855763937,21.25387616420315,0.4880268299778102,16.196544645035107,16.146398429192356,7.123338042170688,7.386123651043471,7.506305053207181,6.970152605070875
298,Riboviria,47.17825601001747,48.17825601001746,53.85451920039879,0.9959611629959784,39.31819169783307,39.21619269594159,18.350130976263937,14.35000495957504,17.691651244910016,17.92352039989829
299,Riboviria,41.58450063496075,42.58450063496075,50.71407049451764,0.8897228811418657,36.44732015766391,36.31990961682976,18.024061906756593,14.51851222142042,15.580525960985993,16.202436620937274
300,Varidnaviria,316.0225770839812,317.0225770839812,364.9658436565616,6.606792008765321,282.1057444377311,276.03585418854186,118.83636357716202,126.20526339095974,127.1157791173675,117.3946795369331
301,Varidnaviria,435.18459827372516,436.18459827372516,540.6186865608919,7.5823638087475445,391.6448454448104,372.01736104848334,185.79239210295887,147.1667301592186,147.04806239442692,185.8493495694389
302,Varidnaviria,183.0088609462884,184.0088609462884,211.01012948190564,3.909886715081301,165.5178006950893,157.6756257010423,68.648008375437,74.32904172217042,74.2190874933604,66.22262038810533
303,Varidnaviria,1063.342908887277,1064.3429088872772,1377.7540982575897,16.65489947355023,972.6661529151339,841.7116629385091,472.2662160332592,320.88387021012784,325.2453601180156,471.4878362530071
304,Varidnaviria,182.86000934194686,183.86000934194686,205.9448418680411,4.004193904162276,165.91930111020648,154.57648111586414,64.90375480166124,77.05859573703906,75.71180370105104,63.70927508222602
305,Varidnaviria,395.5111605787975,396.5111605787975,473.5166523592779,7.582502453063138,353.2324225859861,349.5342287015424,160.8313550149447,146.18536737451555,146.81665146870213,159.10586886654406
306,Varidnaviria,433.3631008077186,434.3631008077186,539.9241435150747,7.516407214314864,390.71262087239165,369.0967415621367,185.42774187697114,145.68208952313108,145.7796726950786,185.16649577243726
307,Varidnaviria,169.273685775476,170.273685775476,212.5655514319712,2.9882909340332686,154.24304796328173,145.2145689806723,73.79830122603846,58.78913185952268,56.53542409185383,72.55545128955549
308,Varidnaviria,169.5103254621018,170.5103254621018,209.05975242488316,3.0579490580422894,151.78474560629945,143.13057906706928,71.999052766098,56.614297917834904,58.050743625474055,71.11490794583797
309,Varidnaviria,433.60825342499305,434.60825342499305,538.6095286405465,7.550378698842736,390.7934906468653,370.1478742016521,185.02622520130834,146.74158410275183,146.37272480838885,185.04111701149895
310,Varidnaviria,396.1138987953119,397.1138987953119,473.7991623115821,7.576063610781684,354.04781130729395,349.31574138079117,160.75440133042125,146.11550364102823,146.70049631740645,159.2758733340179
311,Varidnaviria,184.09536590592805,185.09536590592805,215.34573711140513,3.771118042339656,165.46268360765126,163.90670044590314,72.13681180109883,72.71573926841796,71.74606629622005,70.33330491604175
312,Varidnaviria,450.67984936159405,451.6798493615941,560.4184179426569,7.826836451684227,405.92413345652494,384.74903427077675,192.18437986560647,152.3791558349468,151.8161258730074,192.39458335956064
313,Varidnaviria,182.9114302581602,183.9114302581602,211.74802066314882,3.841785498340122,164.83425092861117,160.16640185912726,69.91929025788897,73.47761140919691,73.00497128343827,67.67430833724987
314,Varidnaviria,184.6542194567832,185.65421945678315,215.18754201783327,3.7737422152628515,165.70303941599508,163.8138187845376,72.09849111544357,72.61049136032659,71.79879017564838,70.41909280237282
315,Varidnaviria,322.13197106677603,323.13197106677603,368.569386727725,6.675203315671325,286.8650635092234,279.8509889138127,119.12997362774222,128.91899169134575,128.07075317966104,120.48505933803153
316,Varidnaviria,184.66270478872286,185.66270478872286,215.19924370939714,3.7811643076516157,165.90162444989238,164.14862960738327,72.07041767651188,72.68775797423133,71.89079981466993,70.60551925408632
317,Varidnaviria,1070.5250611989084,1071.5250611989084,1385.979254842396,16.76857224823146,979.181871472689,847.8995565974701,475.1823974641527,323.2253254600373,327.4734940400881,474.8321572130234
318,Varidnaviria,438.3249450169153,439.3249450169153,556.1052243233996,7.495465688514485,397.9439154967382,366.69511424432494,191.981440486874,142.17855165953316,145.72197896743413,187.96297016268238
319,Varidnaviria,413.410829826581,414.410829826581,513.7247692938121,7.199766555940624,372.20570594043045,353.0806574450879,176.1695873935017,139.77211759165434,139.42111169309206,176.50237913620782
320,Varidnaviria,184.23630163507121,185.23630163507121,215.00198468622267,3.769501445131476,165.47306105394986,163.70630894768468,72.12510332128447,72.54629174606998,71.72927543835874,70.43941221496
321,Varidnaviria,36.36248255643881,37.36248255643881,41.817372205670765,0.8356170153169336,32.221367609953795,32.60276945133003,13.915927717428573,15.401657666458808,14.269411305389507,13.813697974751953
322,Varidnaviria,323.4462228724135,324.4462228724135,369.7388020646872,6.7084334505074885,287.968247922387,280.6785521689939,119.48089795020367,129.21980385097172,128.72659846834597,120.92123067170415
323,Varidnaviria,182.9114302581602,183.9114302581602,211.74802066314882,3.841785498340122,164.83425092861117,160.16640185912726,69.91929025788897,73.47761140919691,73.00497128343827,67.67430833724987
324,Varidnaviria,183.6453847372551,184.6453847372551,211.3584377816864,3.9020973858693475,165.42425324641505,158.5629297468163,68.8531025639762,74.1967419902534,74.0905613153425,66.82522599782014
325,Varidnaviria,188.9233087051369,189.9233087051369,214.2711312877838,4.086286154578819,171.54464565017298,161.61601495245165,68.71629627235275,78.6957252968968,77.41936832287203,66.78885865832589
326,Varidnaviria,169.15682698336278,170.15682698336278,212.26762026181996,2.9861567888856286,154.23779614609393,145.25859331809056,73.8720898480596,58.66062747728133,56.51992593981916,72.36219244127689
327,Varidnaviria,396.35048738401383,397.35048738401383,480.7134686882581,7.301690850741971,355.11821749675494,345.90633115649257,164.41968810832128,140.3663606466079,141.45730617544828,162.97507815304684
328,Varidnaviria,184.52458351975318,185.52458351975318,214.75969380707699,3.721654789636991,164.52914935960825,163.95955310412396,72.16574803698097,70.98730779151452,70.76807423774201,71.48001027851929
329,Varidnaviria,184.72330518924562,185.72330518924562,215.3213400936444,3.7752282798390464,165.78762122247036,164.06250575699843,72.1610906010767,72.74541921122724,71.83791357757042,70.50221696532591
330,Varidnaviria,183.17045100879648,184.17045100879648,210.74720278335104,3.9038781436971863,165.22473250865,158.07325480761912,68.64876531533527,74.21406262800456,74.12623153249915,66.41254157008919
331,Varidnaviria,206.0616651124118,207.0616651124118,236.78288619507575,4.286913428230861,185.20758979724417,182.76183080432727,78.43122996875236,82.90213928169048,81.63701756372747,77.0370354569069
332,Varidnaviria,319.5021515238322,320.5021515238322,367.85271323476496,6.602093264375605,284.718673593215,278.4072331544824,119.77332668950471,126.91610944719882,126.83461306026864,120.30536300387887
333,Varidnaviria,182.77696738020626,183.77696738020626,210.11140226254153,3.913547426808798,164.99370920101623,157.65868892224174,68.32993616109846,74.35521447745698,74.29174158985971,66.08669603437893
334,Varidnaviria,185.90058549538264,186.90058549538264,212.22567415231157,4.019163658108328,168.40025296476074,158.8104101575483,68.29185681257367,76.70278870628897,76.19785479127681,66.04961620371029
335,Varidnaviria,184.50188517333237,185.50188517333237,215.44187419732663,3.773590035318302,165.50204928707217,163.8566352528276,72.22553135099349,72.56259133375995,71.77677974563039,70.52269152161374
336,Varidnaviria,188.2650562953034,189.2650562953034,215.0982195295201,4.0302886808475265,169.75354004435576,163.7436803146216,69.8108055734129,77.32439538611405,76.50410507423493,68.01954891348551
337,Varidnaviria,435.04042022802247,436.04042022802247,540.7323096502272,7.5728279516226,391.60467664623076,371.2517266328948,185.76448190856172,147.096577189754,146.79743642143683,185.68787396049595
338,Varidnaviria,184.06902888482458,185.06902888482458,215.57923012923465,3.710243256891269,164.25106402915068,163.68765841299512,72.36866986674484,70.85562351446339,70.61818487638826,71.5139817499927
339,Varidnaviria,188.39833490987294,189.39833490987294,214.38515508933602,4.094767479552555,171.13807434914509,161.56178890069074,68.73416442808482,78.81052455716932,77.56992102915046,66.48611972460834
340,Varidnaviria,432.3808485881365,433.3808485881365,536.945171350382,7.526670785195809,389.37019816689457,369.3988107434757,184.2693360733513,146.3579988256301,145.93401208555466,184.61564633638523
341,Varidnaviria,444.0260124395414,445.0260124395414,565.1754150750913,7.2336644438863145,404.59267339669213,362.8677407523476,193.75371414081437,142.85178994669053,139.73546946552642,195.27965921782496
342,Varidnaviria,421.00935538908425,422.00935538908425,525.7198191080491,7.270776489533995,380.3749396298942,357.98216906620036,180.6030704586845,141.29171531466756,140.86716641864544,180.19908187899185
343,Varidnaviria,186.0428202846492,187.0428202846492,212.57994752248763,3.9303792717422175,167.3526925986692,161.54392348978956,69.55908668806411,75.09722090477818,74.60676942274166,68.09163879362977
344,Varidnaviria,436.35715519012274,437.35715519012274,541.4102583600703,7.587949182424854,392.8085475070913,372.0056532052647,185.91841906185948,147.37747804790752,147.08217196573952,186.13528467458832
345,Varidnaviria,598.4936311482398,599.4936311482398,721.8726436717172,11.464875498939799,532.6979290728137,536.3001288566733,244.4740336390353,221.69691088640985,223.34968261615845,241.73670161755587
346,Varidnaviria,184.46393642756672,185.46393642756672,215.15865402601497,3.779711980084413,165.46367786745046,163.80769269697274,72.012342051459,72.56863165319122,71.9602272345201,70.57587082365005
347,Varidnaviria,431.82375621160725,432.82375621160736,536.8305771191264,7.512316285298755,388.75833838280585,368.8968244443956,184.179776825845,146.11945480015754,145.63325185975222,184.26776863311048
348,Varidnaviria,185.99020725782836,186.99020725782836,212.91931152126023,3.9994991095322168,168.20630347648247,159.55915263932735,68.5393601058682,76.37699347883814,75.88197359700573,66.62969237176762
349,Varidnaviria,417.3106548983811,418.3106548983811,488.1179682424804,8.206305550652683,371.94055164374123,370.0320081936424,163.3394510122552,159.01742757164442,158.62595555452904,164.045560989017
350,Varidnaviria,322.52740017878926,323.52740017878926,368.99251835567435,6.6970548861251356,287.68295830020327,280.11494120372254,119.2950067530706,129.02215585117165,128.53218427248885,120.52930047209101
351,Varidnaviria,656.0467411304637,657.0467411304637,825.8724824436105,11.179359989598161,593.4804975390969,555.2048939737425,282.82137483483746,218.81682165317943,217.86242863441177,282.8062179306957
352,Varidnaviria,421.53162287941115,422.53162287941115,526.8022787475129,7.285127064678493,381.22233376565856,358.88274189373556,181.16237300412627,141.56395205600876,141.19849437866003,180.54754291258635
353,Varidnaviria,461.6542367574153,462.6542367574153,573.9241339921703,8.036992104943636,416.0108885203881,394.93523484312414,196.87167660622677,156.62441857267157,155.94592442081233,196.92042302034702
354,Varidnaviria,594.2216397718225,595.2216397718225,709.0770777786635,11.516058526904345,525.7916672815144,532.7631324413258,238.25000443611498,223.1444535218181,224.0129385465254,238.54196324996389
355,Varidnaviria,184.65106761600612,185.65106761600612,215.31079982116978,3.7797154552926027,165.85826583933994,163.9768219052095,72.02217406608956,72.63841819243719,71.85195105926987,70.65112507110875
356,Varidnaviria,424.964928038344,425.964928038344,515.7864841146611,7.773700677926414,381.00902182019036,368.97413904303477,175.6908616249025,150.6423462231413,150.4897820769183,175.73376295029695
357,Varidnaviria,427.90692915354117,428.90692915354117,549.7101252096032,7.059219680053248,390.45251418999203,347.3656043169092,189.52254559598916,133.3857953088953,136.9135809243815,186.12341725095132
358,Varidnaviria,185.4973499556486,186.4973499556486,212.92786604310243,3.895733891630383,166.9027909914526,163.43036295221125,70.20691429084391,74.97251003815725,74.00432657479296,68.46670464684934
359,Varidnaviria,530.0408383497773,531.0408383497773,616.0814856294343,10.51398327654823,470.68038831937486,468.99170594124485,203.70662437736516,204.00918039601228,203.58638959929075,207.09642178229797
360,Varidnaviria,120.42940304692036,121.42940304692036,149.12863123358028,2.396450494371517,106.79316127797134,105.4073040345998,51.943713091082465,40.33638565770954,45.5409063408266,47.20417689376479
361,Varidnaviria,186.02669802577782,187.02669802577782,213.15345258183507,3.9291398378915305,167.22052974396672,161.66445782429295,69.73135738364904,75.20281607374439,74.60195585031694,67.9188413279476
362,Varidnaviria,433.80089346016223,434.80089346016223,540.765920567234,7.52592961527878,390.81390133333724,369.0549155993806,185.5158753080621,145.83715402893483,145.8932820706125,185.49537264421448
363,Varidnaviria,182.3477160724177,183.3477160724177,210.1375943483199,3.894180444470812,165.0410372788353,158.2496905821045,68.50370958451734,74.22136084286181,73.9976536444281,66.32892592721845
364,Varidnaviria,318.75158286247114,319.75158286247114,367.87816843737215,6.575350422538144,283.9023869294079,277.6763554170852,119.72025073105766,126.48558479978225,126.29540741192359,120.15479478373058
365,Varidnaviria,454.525069314734,455.525069314734,566.8761034160894,7.898937580094609,410.7256607852407,389.68100392899015,194.63791244528997,154.68560573865082,153.21994988007881,194.08880577985732
366,Varidnaviria,174.42102002782124,175.42102002782124,201.51206366556173,3.6367998249867717,156.67244401725662,154.6996020502029,66.93431106913833,70.33359311122868,69.04465121557298,65.6099659335136
367,Varidnaviria,172.93155927181508,173.93155927181508,203.20135530954698,3.4814203650413442,154.0349565434422,153.88553162613877,68.92992372378612,65.51140678910929,66.26979353306129,67.33470726194312
368,Varidnaviria,182.7553067250991,183.7553067250991,211.55255293419847,3.8962647754842115,165.2191954120434,158.6894391743215,69.16720370036457,74.27035304187586,74.04051006950839,66.61859159661088
369,Varidnaviria,122.11186605461992,123.11186605461992,142.21056493630536,2.5070600052761587,107.06061723239792,105.95777454564565,47.41469522048374,45.37625609411253,47.22583560972392,46.85686411595794
370,Varidnaviria,184.06398549916506,185.06398549916506,208.13591826636835,3.9742629097997733,166.3392062068075,158.88993530139746,66.50808374547275,76.5553410625638,75.24330722321622,65.57872975152809
371,Varidnaviria,432.2846273887281,433.2846273887281,536.8353268753964,7.519745845382295,388.97124991446486,368.93677038151327,184.33032249826735,145.9619360366079,145.81419251789424,184.40763662156166
372,Varidnaviria,455.5276497589147,456.5276497589147,601.2030558980716,6.72232357131534,419.94219470661346,343.34639339212356,206.3650265593681,129.00186897424012,129.65598790710516,206.2521922681732
373,Varidnaviria,395.7423344467682,396.74233444676827,473.26416866347336,7.569538491049156,353.759996313123,349.52900465919413,160.56136662845054,146.10983179870672,146.5288188287135,159.33913144855202
374,Varidnaviria,184.59888587378182,185.59888587378182,215.46801403011597,3.774625174766096,165.57500402441786,163.71080294853968,72.13970510093061,72.47966344424351,71.81653300234696,70.47775986386318
375,Varidnaviria,184.52332518194183,185.52332518194183,215.44721630056307,3.775956199127251,165.8016709850281,164.1254186980273,72.24897748989675,72.7217285938242,71.7837485288094,70.47174501894737
376,Varidnaviria,425.71715797390726,426.71715797390726,530.3636618827865,7.372171402725051,384.62221278517484,362.66811360503533,182.26864466987047,143.07716056747157,142.9506824093805,181.85243620626537
377,Varidnaviria,187.34053961448254,188.34053961448254,211.6289751817305,4.024165834825107,168.57886128376757,161.49985650638575,68.25440713019066,76.89058244863243,76.30916177455383,66.99314677723572
378,Varidnaviria,21.490134147238756,22.490134147238756,26.144590169019803,0.44229103629706473,18.073944616557615,16.115887657246663,9.291118417158458,5.2063312855343025,6.477315011476089,9.023187719150776
379,Varidnaviria,182.9114302581602,183.9114302581602,211.74802066314882,3.841785498340122,164.83425092861117,160.16640185912726,69.91929025788897,73.47761140919691,73.00497128343827,67.67430833724987
380,Varidnaviria,436.2092932643111,437.2092932643111,522.97250354211,8.156879403794472,389.1013336903312,384.2893988863191,177.64702615657856,158.61952573989362,158.02460119241715,178.80074105064878
381,Varidnaviria,42.486603969909034,43.486603969909034,47.94308430631422,0.9854848739362266,38.37662878939701,37.314514213403804,16.43486533515749,18.06169569824478,17.164569420111913,15.071519548824165
382,Varidnaviria,433.7699065490592,434.7699065490592,540.569311350248,7.527480091071947,390.9119434772747,369.5440503583582,185.58876582714203,145.86230768963244,145.9772685032926,185.4970716246044
383,Varidnaviria,181.7885142976514,182.78851429765137,211.0439167233047,3.7134126186109033,163.0190003947822,162.00970450898677,70.65664318463777,71.8815041595564,70.53998315717688,69.90285041772798
384,Varidnaviria,183.0655142738365,184.0655142738365,210.9640866071383,3.8990568549715605,165.19848296344492,158.28461515856495,68.87122227190117,74.18984671450043,74.00910884885752,66.3512548834023
385,Varidnaviria,426.9163300475874,427.9163300475874,529.4591590748228,7.424493316872559,384.57111022979285,364.5297516455928,181.8950599724523,144.4281442732214,143.88341758646888,181.99936620985218
386,Varidnaviria,184.40308130298226,185.40308130298226,215.6664221092587,3.7170084065711144,164.75114204936267,164.05084193694043,72.55410274776328,70.88880784856309,70.71491661880705,71.56228943385506
387,Varidnaviria,184.53617345809425,185.53617345809425,215.2305252307439,3.775448741186338,165.80022559773408,164.1170346295528,72.17264996028602,72.7901291960073,71.84123917264571,70.44886577408205
388,Varidnaviria,306.7732734279232,307.7732734279232,352.00605067397106,6.257372333849632,272.53625914493216,271.75839062750424,116.04580105926507,120.04321166126317,120.27809760648253,116.83656940687263
389,Varidnaviria,453.0506753885461,454.0506753885461,569.4433066061017,7.681564272833872,409.65617756035755,381.40248658190853,195.36381692802104,149.97979984153625,148.95801714475132,195.712324100443
390,Varidnaviria,181.9158027051104,182.9158027051104,209.36564317640918,3.8142741426566737,163.58876935882716,159.94887560487354,68.92350267985886,73.40028646590373,72.36811102290488,67.51772166187202
391,Varidnaviria,367.2502449396985,368.25024493969846,470.42779792544957,5.959406399622233,334.17580253770416,298.53478845008954,161.97367420430382,114.30345724998689,115.07939038172599,161.53206495253036
392,Varidnaviria,183.65181428643461,184.65181428643461,211.60407936894043,3.829820078342592,165.3004653127346,161.79086959606946,69.80168506531065,74.28835895748121,72.73510951045526,68.45762383016277
393,Varidnaviria,185.59793452017968,186.59793452017968,211.76690587256434,4.015629843108446,167.97876407698666,158.06410531970735,67.9454650031607,76.43373929308645,76.05948565101734,65.70629234760497
394,Varidnaviria,327.43507431297627,328.43507431297627,376.37482266659447,6.810180862916909,292.5152062803919,290.4926508097135,123.30531424356282,131.9812426037634,130.9143735857262,123.14417061160124
395,Varidnaviria,126.91070921038494,127.91070921038494,159.01456041120966,2.1301036680767385,114.92189865412502,105.11799770929245,54.42223190252611,42.649872784642646,39.40175396627691,56.31797060392696
396,Varidnaviria,135.29960528315868,136.29960528315868,171.0250773176011,2.571535255424381,121.35988246668131,117.4727759756783,59.442315284983145,45.07275276738963,48.95054751680021,55.357986314409274
397,Varidnaviria,185.30423790374144,186.30423790374144,215.41343549892832,3.7957901091429473,165.97492447355904,163.82008258939388,71.96508130148058,72.6280235742143,72.18048712243194,70.69340063459347
398,Varidnaviria,435.6537791323749,436.6537791323748,542.6156517922577,7.555792199489109,392.6027670944436,370.95798122719833,186.18722372617756,146.4032979296978,146.54182097593693,186.10066150795095
399,Varidnaviria,184.35590723029247,185.35590723029247,214.86901262555475,3.772515912418526,165.65029787923487,164.13970760154606,72.2263414581576,72.67457920785185,71.78408404296444,70.38801229746142
